symbol,side,strategy,close_reason,entry,exit,sl,tp1,tp2,pnl,fee,leverage,confidence,rr_achieved,duration_h,state_path,outcome,llm_action,llm_regime,llm_confidence
HYPE,SHORT,ensemble,TP1,46.01,45.35,46.52,45.4,44.79,181.25,3.11,2.0,72.4,2.61,-0.0,,WIN,,,
HYPE,SHORT,ensemble,TP2,46.01,44.41,46.52,45.4,44.79,146.93,1.02,2.0,72.4,6.34,0.0,IDLE->OPEN->TP1_HIT->TRAILING->CLOSED,WIN,,,
HYPE,SHORT,ensemble,SL,43.64,44.17,44.13,43.04,42.43,-201.28,4.19,2.0,71.1,2.14,0.0,IDLE->OPEN->CLOSED,LOSS,,,
HYPE,SHORT,ensemble,SL,43.73,44.59,44.23,43.12,42.51,-375.54,4.84,2.0,70.4,3.44,0.0,IDLE->OPEN->CLOSED,LOSS,,,
HYPE,SHORT,ensemble,SL,43.65,44.18,43.96,43.26,42.69,-320.03,8.46,1.57,67.9,2.65,0.0,IDLE->OPEN->CLOSED,LOSS,,,
HYPE,SHORT,ensemble,SL,44.48,45.06,44.67,44.24,43.88,-499.83,9.69,2.0,75.0,5.89,0.0,IDLE->OPEN->CLOSED,LOSS,,,
HYPE,SHORT,ensemble,SL,44.51,44.78,44.76,44.19,43.67,-182.78,6.96,2.22,76.1,2.41,0.0,IDLE->OPEN->CLOSED,LOSS,,,
HYPE,SHORT,ensemble,SL,44.2,45.0,44.47,43.87,43.37,-444.2,5.55,2.25,76.3,6.62,0.0,IDLE->OPEN->CLOSED,LOSS,,,
HYPE,SHORT,ensemble,TP1,44.68,43.67,45.02,44.24,43.52,465.33,3.95,2.54,80.7,7.65,-0.0,,WIN,,,
HYPE,SHORT,ensemble,TRAILING_STOP,44.68,44.1,45.02,44.24,43.52,29.83,0.45,2.54,80.7,4.4,0.0,IDLE->OPEN->TP1_HIT->TRAILING->CLOSED,WIN,,,
HYPE,SHORT,ensemble,SL,42.68,43.1,42.95,42.34,41.84,-136.73,2.66,2.6,78.0,4.02,0.0,IDLE->OPEN->CLOSED,LOSS,,,
HYPE,SHORT,ensemble,SL,43.4,44.52,43.68,43.07,42.57,-525.1,4.6,2.28,76.4,9.17,0.0,IDLE->OPEN->CLOSED,LOSS,,,
HYPE,SHORT,ensemble,SL,44.1,44.73,44.41,43.72,43.15,-322.25,4.18,2.72,78.6,5.52,0.0,IDLE->OPEN->CLOSED,LOSS,,,
HYPE,LONG,ensemble,TP1,45.59,45.99,45.37,45.86,46.26,136.73,7.58,1.04,65.2,1.87,-0.0,,WIN,,,
HYPE,LONG,ensemble,TRAILING_STOP,45.59,45.81,45.37,45.86,46.26,12.96,1.33,1.04,65.2,1.01,0.0,IDLE->OPEN->TP1_HIT->TRAILING->CLOSED,WIN,,,
HYPE,LONG,ensemble,SL,46.3,46.01,46.06,46.6,47.04,-199.59,8.28,1.86,69.3,2.29,0.0,IDLE->OPEN->CLOSED,LOSS,,,
HYPE,LONG,ensemble,TP1,45.37,45.75,45.11,45.7,46.18,142.72,3.14,2.76,78.8,3.89,-0.0,,WIN,,,
HYPE,LONG,ensemble,TP2,45.37,46.23,45.11,45.7,46.18,57.41,0.56,2.76,78.8,8.83,0.0,IDLE->OPEN->TP1_HIT->TRAILING->CLOSED,WIN,,,
HYPE,LONG,ensemble,TP1,47.05,47.35,46.81,47.34,47.78,80.98,3.18,2.0,70.6,2.51,-0.0,,WIN,,,
HYPE,LONG,ensemble,TRAILING_STOP,47.05,46.24,46.81,47.34,47.78,-38.47,0.55,2.0,70.6,6.75,0.0,IDLE->OPEN->TP1_HIT->TRAILING->CLOSED,LOSS,,,
HYPE,LONG,ensemble,TP1,46.56,47.17,46.22,46.97,47.6,256.02,4.96,2.0,71.1,3.56,-0.0,,WIN,,,
HYPE,LONG,ensemble,TP2,46.56,47.79,46.22,46.97,47.6,91.02,0.89,2.0,71.1,7.18,0.0,IDLE->OPEN->TP1_HIT->TRAILING->CLOSED,WIN,,,
HYPE,LONG,ensemble,SL,46.93,46.55,46.71,47.19,47.59,-176.83,4.2,2.57,77.9,4.5,0.0,IDLE->OPEN->CLOSED,LOSS,,,
HYPE,LONG,ensemble,SL,47.44,47.11,47.27,47.66,47.98,-240.22,8.2,2.07,75.3,3.93,0.0,IDLE->OPEN->CLOSED,LOSS,,,
HYPE,LONG,ensemble,TP1,47.09,47.41,46.9,47.32,47.66,189.44,7.23,1.9,69.5,3.27,-0.0,,WIN,,,
HYPE,LONG,ensemble,TP2,47.09,48.37,46.9,47.32,47.66,131.25,1.3,1.9,69.5,12.84,0.0,IDLE->OPEN->TP1_HIT->TRAILING->CLOSED,WIN,,,
HYPE,LONG,ensemble,TP1,49.76,50.97,49.48,50.1,50.6,454.98,4.75,2.01,75.0,8.72,-0.0,,WIN,,,
HYPE,LONG,ensemble,TP2,49.76,50.97,49.48,50.1,50.6,50.74,0.53,2.01,75.0,8.72,0.0,IDLE->OPEN->TP1_HIT->TRAILING->CLOSED,WIN,,,
HYPE,LONG,ensemble,SL,50.66,50.21,50.3,51.09,51.75,-227.88,6.41,2.0,71.6,2.47,0.0,IDLE->OPEN->CLOSED,LOSS,,,
HYPE,LONG,ensemble,TP1,51.03,51.48,50.7,51.43,52.04,145.77,3.7,2.28,76.4,3.04,-0.0,,WIN,,,
HYPE,LONG,ensemble,TP2,51.03,53.05,50.7,51.43,52.04,116.8,0.67,2.28,76.4,13.77,0.0,IDLE->OPEN->TP1_HIT->TRAILING->CLOSED,WIN,,,
HYPE,LONG,ensemble,SL,54.93,53.9,54.38,55.61,56.28,-295.97,3.68,2.09,75.5,3.9,0.0,IDLE->OPEN->CLOSED,LOSS,,,
HYPE,LONG,ensemble,SL,53.84,52.61,53.11,54.82,55.88,-388.34,2.89,2.88,87.5,4.82,0.0,IDLE->OPEN->CLOSED,LOSS,,,
HYPE,LONG,ensemble,TP1,54.26,55.13,53.71,54.94,55.61,158.52,2.22,2.28,76.4,3.55,-0.0,,WIN,,,
HYPE,LONG,ensemble,TRAILING_STOP,54.26,54.25,53.71,54.94,55.61,-0.61,0.72,2.28,76.4,0.04,0.0,IDLE->OPEN->TP1_HIT->TRAILING->CLOSED,LOSS,,,
HYPE,LONG,ensemble,SL,54.96,54.38,54.52,55.48,56.27,-187.43,4.4,2.0,72.7,2.68,0.0,IDLE->OPEN->CLOSED,LOSS,,,
HYPE,LONG,ensemble,TP1,55.46,56.0,55.04,55.97,56.74,110.68,2.25,2.56,81.3,3.27,-0.0,,WIN,,,
HYPE,LONG,ensemble,TRAILING_STOP,55.46,55.43,55.04,55.97,56.74,-0.9,0.39,2.56,81.3,0.15,0.0,IDLE->OPEN->TP1_HIT->TRAILING->CLOSED,LOSS,,,
HYPE,LONG,ensemble,TP1,54.67,55.71,54.25,55.24,56.15,242.67,2.38,2.74,84.9,6.68,-0.0,,WIN,,,
HYPE,LONG,ensemble,TP2,54.67,56.41,54.25,55.24,56.15,45.14,0.27,2.74,84.9,11.17,0.0,IDLE->OPEN->TP1_HIT->TRAILING->CLOSED,WIN,,,
HYPE,LONG,ensemble,SL,57.17,56.81,56.82,57.63,58.38,-189.67,5.06,3.01,90.1,3.06,0.0,IDLE->OPEN->CLOSED,LOSS,,,
HYPE,LONG,ensemble,SL,56.21,55.35,55.89,56.63,57.32,-466.88,5.45,2.77,85.4,7.42,0.0,IDLE->OPEN->CLOSED,LOSS,,,
HYPE,LONG,ensemble,TP1,55.93,56.72,55.62,56.3,56.86,282.75,3.56,2.84,79.2,7.35,-0.0,,WIN,,,
HYPE,LONG,ensemble,TRAILING_STOP,55.93,55.9,55.62,56.3,56.86,-1.15,0.39,2.84,79.2,0.27,0.0,IDLE->OPEN->TP1_HIT->TRAILING->CLOSED,LOSS,,,
HYPE,LONG,ensemble,SL,54.43,54.09,54.13,54.79,55.32,-202.28,6.37,2.53,77.6,2.91,0.0,IDLE->OPEN->CLOSED,LOSS,,,
HYPE,LONG,ensemble,TP1,54.73,55.31,54.48,55.04,55.5,260.29,6.25,2.0,75.0,4.53,-0.0,,WIN,,,
HYPE,LONG,ensemble,TRAILING_STOP,54.73,54.97,54.48,55.04,55.5,12.23,0.69,2.0,75.0,1.91,0.0,IDLE->OPEN->TP1_HIT->TRAILING->CLOSED,WIN,,,
HYPE,LONG,ensemble,SL,55.29,54.63,55.01,55.64,56.15,-396.7,8.19,2.0,73.9,4.7,0.0,IDLE->OPEN->CLOSED,LOSS,,,
HYPE,LONG,ensemble,TP1,55.53,56.08,55.19,55.95,56.58,187.67,4.82,2.0,71.3,3.17,-0.0,,WIN,,,
HYPE,LONG,ensemble,TP2,55.53,56.97,55.19,55.95,56.58,86.85,0.86,2.0,71.3,8.32,0.0,IDLE->OPEN->TP1_HIT->TRAILING->CLOSED,WIN,,,
HYPE,LONG,ensemble,SL,58.84,58.28,58.39,59.39,60.21,-140.32,3.65,2.0,74.6,2.48,0.0,IDLE->OPEN->CLOSED,LOSS,,,
HYPE,LONG,ensemble,TP1,58.36,59.0,58.04,58.8,59.49,263.91,4.24,2.88,87.5,5.64,-0.0,,WIN,,,
HYPE,LONG,ensemble,TRAILING_STOP,58.36,58.48,58.04,58.8,59.49,12.1,1.05,2.88,87.5,1.03,0.0,IDLE->OPEN->TP1_HIT->TRAILING->CLOSED,WIN,,,
HYPE,LONG,ensemble,SL,58.5,57.94,58.15,58.97,59.73,-274.62,5.08,2.77,85.4,4.44,0.0,IDLE->OPEN->CLOSED,LOSS,,,
HYPE,SHORT,ensemble,TP1,52.81,52.21,53.04,52.53,52.1,240.78,6.06,1.73,68.6,4.46,-0.0,,WIN,,,
HYPE,SHORT,ensemble,TRAILING_STOP,52.81,52.48,53.04,52.53,52.1,14.72,0.67,1.73,68.6,2.46,0.0,IDLE->OPEN->TP1_HIT->TRAILING->CLOSED,WIN,,,
HYPE,SHORT,ensemble,TP1,52.01,51.28,52.27,51.69,51.21,267.82,5.39,1.75,68.8,4.86,-0.0,,WIN,,,
HYPE,SHORT,ensemble,TRAILING_STOP,52.01,51.58,52.27,51.69,51.21,17.37,0.6,1.75,68.8,2.83,0.0,IDLE->OPEN->TP1_HIT->TRAILING->CLOSED,WIN,,,
HYPE,SHORT,ensemble,TP1,50.02,48.48,50.52,49.42,48.82,244.99,2.16,1.78,68.9,5.53,-0.0,,WIN,,,
HYPE,SHORT,ensemble,TP2,50.02,48.48,50.52,49.42,48.82,27.43,0.24,1.78,68.9,5.53,0.0,IDLE->OPEN->TP1_HIT->TRAILING->CLOSED,WIN,,,
HYPE,SHORT,ensemble,TP1,48.32,47.15,49.16,47.2,45.98,214.45,1.5,2.88,87.5,4.0,-0.0,,WIN,,,
HYPE,SHORT,ensemble,TRAILING_STOP,48.32,47.88,49.16,47.2,45.98,34.86,0.65,2.88,87.5,1.52,0.0,IDLE->OPEN->TP1_HIT->TRAILING->CLOSED,WIN,,,
HYPE,SHORT,ensemble,TP1,46.47,45.47,47.02,45.81,45.14,281.52,2.5,2.57,77.8,4.67,-0.0,,WIN,,,
HYPE,SHORT,ensemble,TRAILING_STOP,46.47,46.1,47.02,45.81,45.14,11.6,0.28,2.57,77.8,1.72,0.0,IDLE->OPEN->TP1_HIT->TRAILING->CLOSED,WIN,,,
HYPE,SHORT,ensemble,TP1,47.61,46.56,48.2,46.83,45.98,296.41,2.28,2.88,87.5,5.16,-0.0,,WIN,,,
HYPE,SHORT,ensemble,TP2,47.61,45.14,48.2,46.83,45.98,298.66,0.95,2.88,87.5,12.12,0.0,IDLE->OPEN->TP1_HIT->TRAILING->CLOSED,WIN,,,
HYPE,SHORT,ensemble,SL,44.66,45.56,45.25,43.95,43.24,-392.75,5.1,1.96,69.8,2.98,0.0,IDLE->OPEN->CLOSED,LOSS,,,
HYPE,SHORT,ensemble,SL,44.45,45.12,45.11,43.66,42.87,-232.51,2.96,2.63,78.2,2.71,0.0,IDLE->OPEN->CLOSED,LOSS,,,
HYPE,SHORT,ensemble,SL,44.67,45.93,45.36,43.74,42.75,-349.28,4.3,1.47,67.4,2.7,0.0,IDLE->OPEN->CLOSED,LOSS,,,
HYPE,SHORT,ensemble,SL,44.97,46.02,45.81,43.85,42.63,-278.1,2.12,2.88,87.5,3.59,0.0,IDLE->OPEN->CLOSED,LOSS,,,
HYPE,SHORT,ensemble,TP1,45.64,44.01,46.35,44.69,43.66,436.96,2.13,2.77,85.4,6.31,-0.0,,WIN,,,
HYPE,SHORT,ensemble,TP2,45.64,43.44,46.35,44.69,43.66,112.55,0.4,2.77,85.4,8.52,0.0,IDLE->OPEN->TP1_HIT->TRAILING->CLOSED,WIN,,,
HYPE,SHORT,ensemble,SL,42.18,42.82,42.74,41.5,40.82,-183.52,3.08,2.0,73.8,2.27,0.0,IDLE->OPEN->CLOSED,LOSS,,,
HYPE,SHORT,ensemble,SL,41.33,43.1,41.95,40.58,39.83,-384.81,1.78,2.63,78.2,7.52,0.0,IDLE->OPEN->CLOSED,LOSS,,,
HYPE,SHORT,ensemble,SL,41.08,42.06,41.94,39.93,38.69,-195.97,1.46,2.88,87.5,3.27,0.0,IDLE->OPEN->CLOSED,LOSS,,,
HYPE,SHORT,ensemble,SL,41.92,43.47,42.82,40.72,39.42,-392.74,1.91,2.88,87.5,4.97,0.0,IDLE->OPEN->CLOSED,LOSS,,,
HYPE,SHORT,ensemble,SL,44.08,45.5,44.56,43.49,42.91,-437.95,3.39,2.07,75.3,6.13,0.0,IDLE->OPEN->CLOSED,LOSS,,,
HYPE,SHORT,ensemble,SL,43.86,44.96,44.41,43.2,42.54,-214.81,2.17,2.03,75.1,4.07,0.0,IDLE->OPEN->CLOSED,LOSS,,,
HYPE,LONG,ensemble,TP1,48.75,49.42,48.37,49.21,49.91,152.73,2.8,2.0,71.9,3.52,-0.0,,WIN,,,
HYPE,LONG,ensemble,TRAILING_STOP,48.75,48.85,48.37,49.21,49.91,4.04,0.49,2.0,71.9,0.53,0.0,IDLE->OPEN->TP1_HIT->TRAILING->CLOSED,WIN,,,
HYPE,LONG,ensemble,SL,50.93,50.19,50.58,51.35,51.99,-138.72,2.37,2.0,74.9,4.2,0.0,IDLE->OPEN->CLOSED,LOSS,,,
HYPE,LONG,ensemble,SL,50.12,49.48,49.54,50.83,51.53,-152.56,2.92,2.0,73.0,2.23,0.0,IDLE->OPEN->CLOSED,LOSS,,,
HYPE,LONG,ensemble,TP1,50.28,50.69,49.96,50.66,51.23,110.04,3.39,2.0,73.2,2.6,-0.0,,WIN,,,
HYPE,LONG,ensemble,TP2,50.28,51.33,49.96,50.66,51.23,49.74,0.61,2.0,73.2,6.67,0.0,IDLE->OPEN->TP1_HIT->TRAILING->CLOSED,WIN,,,
HYPE,SHORT,ensemble,TP1,47.24,46.65,47.71,46.67,46.1,106.88,2.96,1.42,67.1,1.79,-0.0,,WIN,,,
HYPE,SHORT,ensemble,TP2,47.24,46.0,47.71,46.67,46.1,74.65,0.98,1.42,67.1,3.73,0.0,IDLE->OPEN->TP1_HIT->TRAILING->CLOSED,WIN,,,
HYPE,SHORT,ensemble,TP1,45.67,44.95,46.0,45.26,44.66,258.64,3.84,2.11,75.6,4.58,-0.0,,WIN,,,
HYPE,SHORT,ensemble,TRAILING_STOP,45.67,45.6,46.0,45.26,44.66,2.74,0.43,2.11,75.6,0.44,0.0,IDLE->OPEN->TP1_HIT->TRAILING->CLOSED,WIN,,,
HYPE,SHORT,ensemble,SL,45.2,45.84,45.53,44.79,44.17,-266.63,3.99,2.37,76.8,4.53,0.0,IDLE->OPEN->CLOSED,LOSS,,,
HYPE,SHORT,ensemble,SL,45.82,46.42,46.17,45.34,44.58,-267.71,3.7,2.77,85.4,4.71,0.0,IDLE->OPEN->CLOSED,LOSS,,,
HYPE,SHORT,ensemble,SL,46.01,46.95,46.35,45.54,44.8,-414.39,3.7,2.77,85.4,7.58,0.0,IDLE->OPEN->CLOSED,LOSS,,,
HYPE,SHORT,ensemble,SL,46.22,46.68,46.55,45.84,45.25,-132.69,3.15,2.15,75.7,3.06,0.0,IDLE->OPEN->CLOSED,LOSS,,,
HYPE,SHORT,ensemble,TP1,45.37,44.72,45.83,44.81,44.25,122.38,1.57,2.69,78.4,3.8,-0.0,,WIN,,,
HYPE,SHORT,ensemble,TRAILING_STOP,45.37,44.76,45.83,44.81,44.25,38.21,0.52,2.69,78.4,3.55,0.0,IDLE->OPEN->TP1_HIT->TRAILING->CLOSED,WIN,,,
HYPE,SHORT,ensemble,SL,42.54,43.15,43.02,41.96,41.38,-180.79,2.18,2.93,79.7,3.75,0.0,IDLE->OPEN->CLOSED,LOSS,,,
HYPE,SHORT,ensemble,SL,43.7,44.32,44.04,43.26,42.55,-260.66,3.27,2.88,87.5,5.3,0.0,IDLE->OPEN->CLOSED,LOSS,,,
HYPE,SHORT,ensemble,TP1,42.58,40.72,43.09,41.91,41.18,450.03,1.64,3.01,90.1,11.07,-0.0,,WIN,,,
HYPE,SHORT,ensemble,TP2,42.58,40.72,43.09,41.91,41.18,85.64,0.31,3.01,90.1,11.07,0.0,IDLE->OPEN->TP1_HIT->TRAILING->CLOSED,WIN,,,
HYPE,SHORT,ensemble,SL,36.98,39.17,39.04,34.67,32.37,-119.29,0.48,2.2,76.0,2.34,0.0,IDLE->OPEN->CLOSED,LOSS,,,
HYPE,SHORT,ensemble,TP1,39.36,36.42,40.91,37.46,35.4,375.05,0.84,2.77,85.4,5.27,-0.0,,WIN,,,
HYPE,SHORT,ensemble,TRAILING_STOP,39.36,37.21,40.91,37.46,35.4,51.89,0.16,2.77,85.4,3.86,0.0,IDLE->OPEN->TP1_HIT->TRAILING->CLOSED,WIN,,,
HYPE,SHORT,ensemble,SL,37.01,38.62,38.06,35.71,34.3,-353.51,1.47,2.88,87.5,4.4,0.0,IDLE->OPEN->CLOSED,LOSS,,,
HYPE,SHORT,ensemble,SL,38.31,41.66,38.88,37.61,36.91,-594.5,1.85,2.0,74.3,11.66,0.0,IDLE->OPEN->CLOSED,LOSS,,,
HYPE,SHORT,ensemble,SL,37.97,38.66,38.63,37.17,36.36,-133.75,1.88,2.0,73.1,2.07,0.0,IDLE->OPEN->CLOSED,LOSS,,,
HYPE,SHORT,ensemble,TP1,38.28,37.03,38.76,37.7,37.12,251.72,2.36,1.58,67.9,4.11,-0.0,,WIN,,,
HYPE,SHORT,ensemble,TP2,38.28,37.03,38.76,37.7,37.12,27.84,0.26,1.58,67.9,4.11,0.0,IDLE->OPEN->TP1_HIT->TRAILING->CLOSED,WIN,,,
HYPE,SHORT,ensemble,TP1,37.19,36.36,37.82,36.42,35.65,165.12,1.81,2.0,74.8,2.63,-0.0,,WIN,,,
HYPE,SHORT,ensemble,TRAILING_STOP,37.19,37.23,37.82,36.42,35.65,-3.08,0.62,2.0,74.8,0.15,0.0,IDLE->OPEN->TP1_HIT->TRAILING->CLOSED,LOSS,,,
HYPE,SHORT,ensemble,TP1,36.81,35.23,37.41,36.02,35.15,393.12,1.51,2.88,87.5,7.63,-0.0,,WIN,,,
HYPE,SHORT,ensemble,TP2,36.81,33.69,37.41,36.02,35.15,147.55,0.28,2.88,87.5,15.02,0.0,IDLE->OPEN->TP1_HIT->TRAILING->CLOSED,WIN,,,
HYPE,SHORT,ensemble,SL,34.18,35.54,35.12,33.14,32.09,-294.13,1.41,2.74,78.7,3.96,0.0,IDLE->OPEN->CLOSED,LOSS,,,
HYPE,SHORT,ensemble,SL,34.83,36.25,35.96,33.44,31.94,-299.74,1.34,2.88,87.5,3.6,0.0,IDLE->OPEN->CLOSED,LOSS,,,
HYPE,SHORT,ensemble,SL,35.21,35.64,35.61,34.68,34.1,-173.12,2.48,2.88,87.5,3.1,0.0,IDLE->OPEN->CLOSED,LOSS,,,
HYPE,SHORT,ensemble,SL,35.58,36.11,36.04,35.03,34.47,-128.14,2.18,2.0,73.4,2.32,0.0,IDLE->OPEN->CLOSED,LOSS,,,
HYPE,SHORT,ensemble,TP1,35.68,34.9,36.27,34.97,34.26,113.43,1.14,2.23,76.2,2.97,-0.0,,WIN,,,
HYPE,SHORT,ensemble,TRAILING_STOP,35.68,35.44,36.27,34.97,34.26,11.81,0.38,2.23,76.2,0.93,0.0,IDLE->OPEN->TP1_HIT->TRAILING->CLOSED,WIN,,,
HYPE,SHORT,ensemble,TP1,35.74,34.84,36.18,35.2,34.66,219.46,2.71,1.58,67.9,3.18,-0.0,,WIN,,,
HYPE,SHORT,ensemble,TRAILING_STOP,35.74,36.23,36.18,35.2,34.66,-13.26,0.31,1.58,67.9,1.74,0.0,IDLE->OPEN->TP1_HIT->TRAILING->CLOSED,LOSS,,,
HYPE,LONG,ensemble,TP1,39.15,40.38,38.53,39.91,40.66,143.43,1.64,1.44,67.2,2.85,-0.0,,WIN,,,
HYPE,LONG,ensemble,TRAILING_STOP,39.15,39.8,38.53,39.91,40.66,8.44,0.18,1.44,67.2,1.51,0.0,IDLE->OPEN->TP1_HIT->TRAILING->CLOSED,WIN,,,
HYPE,LONG,ensemble,SL,40.69,40.12,40.37,41.08,41.65,-116.03,2.14,1.9,69.5,3.42,0.0,IDLE->OPEN->CLOSED,LOSS,,,
HYPE,LONG,ensemble,SL,39.97,39.69,39.72,40.27,40.72,-77.55,3.14,1.78,68.9,1.96,0.0,IDLE->OPEN->CLOSED,LOSS,,,
HYPE,LONG,ensemble,TP1,40.51,41.16,40.27,40.8,41.23,190.36,3.02,2.0,73.2,5.48,-0.0,,WIN,,,
HYPE,LONG,ensemble,TP2,40.51,41.42,40.27,40.8,41.23,29.79,0.34,2.0,73.2,7.71,0.0,IDLE->OPEN->TP1_HIT->TRAILING->CLOSED,WIN,,,
HYPE,LONG,ensemble,TP1,41.92,42.72,41.64,42.24,42.74,194.66,2.6,2.0,72.4,5.89,-0.0,,WIN,,,
HYPE,LONG,ensemble,TP2,41.92,42.99,41.64,42.24,42.74,29.13,0.29,2.0,72.4,7.9,0.0,IDLE->OPEN->TP1_HIT->TRAILING->CLOSED,WIN,,,
HYPE,LONG,ensemble,TP1,44.49,45.36,44.0,45.08,45.67,231.06,2.98,2.02,75.1,3.61,-0.0,,WIN,,,
HYPE,LONG,ensemble,TP2,44.49,46.46,44.0,45.08,45.67,174.37,1.02,2.02,75.1,8.16,0.0,IDLE->OPEN->TP1_HIT->TRAILING->CLOSED,WIN,,,
HYPE,LONG,ensemble,SL,48.08,47.33,47.48,48.82,49.55,-190.45,3.0,2.0,73.2,2.48,0.0,IDLE->OPEN->CLOSED,LOSS,,,
HYPE,LONG,ensemble,SL,48.68,47.36,48.12,49.35,50.02,-354.9,3.18,2.0,73.2,4.76,0.0,IDLE->OPEN->CLOSED,LOSS,,,
HYPE,LONG,ensemble,TP1,47.29,48.5,46.64,48.09,48.88,215.36,2.75,1.58,67.9,2.91,-0.0,,WIN,,,
HYPE,LONG,ensemble,TRAILING_STOP,47.29,46.93,46.64,48.09,48.88,-7.26,0.3,1.58,67.9,0.88,0.0,IDLE->OPEN->TP1_HIT->TRAILING->CLOSED,LOSS,,,
HYPE,LONG,ensemble,TP1,47.43,48.48,46.74,48.26,49.09,165.38,2.0,1.9,69.5,2.92,-0.0,,WIN,,,
HYPE,LONG,ensemble,TP2,47.43,49.32,46.74,48.26,49.09,98.86,0.68,1.9,69.5,5.24,0.0,IDLE->OPEN->TP1_HIT->TRAILING->CLOSED,WIN,,,
HYPE,LONG,ensemble,SL,48.16,46.44,47.58,48.87,49.57,-451.38,3.03,2.0,71.5,5.96,0.0,IDLE->OPEN->CLOSED,LOSS,,,
HYPE,LONG,ensemble,SL,48.29,47.46,47.63,49.09,49.9,-223.74,3.17,2.0,71.4,2.53,0.0,IDLE->OPEN->CLOSED,LOSS,,,
HYPE,LONG,ensemble,SL,48.72,48.09,48.2,49.34,49.96,-120.98,2.06,2.26,76.3,2.74,0.0,IDLE->OPEN->CLOSED,LOSS,,,
HYPE,SHORT,ensemble,SL,43.03,44.14,43.62,42.31,41.6,-149.38,2.49,1.18,65.9,2.25,0.0,IDLE->OPEN->CLOSED,LOSS,,,
HYPE,SHORT,ensemble,SL,43.17,43.97,43.83,42.36,41.56,-104.79,2.44,1.17,65.9,1.42,0.0,IDLE->OPEN->CLOSED,LOSS,,,
HYPE,SHORT,ensemble,SL,43.14,43.63,43.63,42.56,41.97,-136.91,4.87,1.26,66.3,1.27,0.0,IDLE->OPEN->CLOSED,LOSS,,,
HYPE,SHORT,ensemble,TP1,43.25,42.57,43.56,42.87,42.31,200.64,2.12,2.97,79.8,6.5,-0.0,,WIN,,,
HYPE,SHORT,ensemble,TRAILING_STOP,43.25,43.03,43.56,42.87,42.31,7.02,0.24,2.97,79.8,2.04,0.0,IDLE->OPEN->TP1_HIT->TRAILING->CLOSED,WIN,,,
HYPE,SHORT,ensemble,TP1,42.73,42.02,43.03,42.37,41.83,221.7,3.3,2.0,71.1,4.77,-0.0,,WIN,,,
HYPE,SHORT,ensemble,TRAILING_STOP,42.73,42.88,43.03,42.37,41.83,-5.12,0.38,2.0,71.1,0.99,0.0,IDLE->OPEN->TP1_HIT->TRAILING->CLOSED,LOSS,,,
HYPE,SHORT,ensemble,SL,41.46,42.43,41.94,40.87,40.28,-318.9,2.51,2.76,78.8,5.58,0.0,IDLE->OPEN->CLOSED,LOSS,,,
HYPE,SHORT,ensemble,SL,40.52,41.14,41.01,39.92,39.33,-95.51,1.18,2.64,82.9,3.39,0.0,IDLE->OPEN->CLOSED,LOSS,,,
HYPE,SHORT,ensemble,SL,40.32,41.39,40.89,39.56,38.73,-241.01,1.7,2.75,85.0,5.12,0.0,IDLE->OPEN->CLOSED,LOSS,,,
HYPE,SHORT,ensemble,SL,39.07,40.1,39.82,38.05,36.96,-116.36,0.82,2.75,85.0,3.75,0.0,IDLE->OPEN->CLOSED,LOSS,,,
HYPE,SHORT,ensemble,SL,39.27,40.3,40.01,38.38,37.48,-156.69,1.2,2.54,80.8,3.57,0.0,IDLE->OPEN->CLOSED,LOSS,,,
HYPE,SHORT,ensemble,SL,37.34,38.18,38.14,36.27,35.11,-131.97,1.0,3.01,90.1,3.15,0.0,IDLE->OPEN->CLOSED,LOSS,,,
HYPE,SHORT,ensemble,SL,37.81,39.83,39.01,36.33,34.73,-253.29,0.87,2.88,87.5,4.84,0.0,IDLE->OPEN->CLOSED,LOSS,,,
HYPE,SHORT,ensemble,TP1,39.38,38.2,39.87,38.78,38.18,282.05,2.3,2.0,71.0,4.74,-0.0,,WIN,,,
HYPE,SHORT,ensemble,TRAILING_STOP,39.38,38.85,39.87,38.78,38.18,14.16,0.26,2.0,71.0,2.14,0.0,IDLE->OPEN->TP1_HIT->TRAILING->CLOSED,WIN,,,
HYPE,SHORT,ensemble,SL,38.84,39.65,39.48,38.05,37.27,-170.73,2.29,1.82,69.1,2.29,0.0,IDLE->OPEN->CLOSED,LOSS,,,
HYPE,SHORT,ensemble,SL,39.99,40.95,40.43,39.46,38.92,-238.19,2.53,2.0,74.2,4.39,0.0,IDLE->OPEN->CLOSED,LOSS,,,
HYPE,LONG,ensemble,SL,42.66,42.08,42.12,43.33,43.99,-116.45,2.08,2.0,70.4,2.16,0.0,IDLE->OPEN->CLOSED,LOSS,,,
HYPE,SHORT,ensemble,TP1,40.13,39.44,40.6,39.55,38.98,66.01,0.94,2.0,74.7,2.92,-0.0,,WIN,,,
HYPE,SHORT,ensemble,TP2,40.13,38.73,40.6,39.55,38.98,44.64,0.31,2.0,74.7,5.88,0.0,IDLE->OPEN->TP1_HIT->TRAILING->CLOSED,WIN,,,
HYPE,SHORT,ensemble,TP1,39.29,38.76,39.58,38.94,38.42,75.23,1.21,2.28,76.4,4.2,-0.0,,WIN,,,
HYPE,SHORT,ensemble,TP2,39.29,38.38,39.58,38.94,38.42,22.77,0.21,2.28,76.4,7.21,0.0,IDLE->OPEN->TP1_HIT->TRAILING->CLOSED,WIN,,,
HYPE,SHORT,ensemble,SL,38.35,39.46,38.81,37.8,37.24,-315.65,2.82,2.0,70.7,4.81,0.0,IDLE->OPEN->CLOSED,LOSS,,,
HYPE,SHORT,ensemble,TP1,38.75,37.88,39.21,38.15,37.49,130.32,0.98,2.88,87.5,5.53,-0.0,,WIN,,,
HYPE,SHORT,ensemble,TP2,38.75,37.33,39.21,38.15,37.49,91.09,0.42,2.88,87.5,8.99,0.0,IDLE->OPEN->TP1_HIT->TRAILING->CLOSED,WIN,,,
HYPE,SHORT,ensemble,SL,37.78,38.51,38.2,37.27,36.76,-224.43,2.94,2.0,70.9,3.5,0.0,IDLE->OPEN->CLOSED,LOSS,,,
HYPE,SHORT,ensemble,TP1,38.12,37.14,38.62,37.5,36.89,170.78,1.62,2.0,71.1,3.86,-0.0,,WIN,,,
HYPE,SHORT,ensemble,TRAILING_STOP,38.12,37.35,38.62,37.5,36.89,14.84,0.18,2.0,71.1,3.02,0.0,IDLE->OPEN->TP1_HIT->TRAILING->CLOSED,WIN,,,
HYPE,SHORT,ensemble,SL,36.82,37.38,37.36,36.17,35.51,-89.16,1.51,2.0,71.5,2.04,0.0,IDLE->OPEN->CLOSED,LOSS,,,
HYPE,SHORT,ensemble,SL,37.62,38.69,38.22,36.82,35.96,-226.28,1.48,2.77,85.4,4.94,0.0,IDLE->OPEN->CLOSED,LOSS,,,
HYPE,SHORT,ensemble,TP1,37.99,37.54,38.27,37.65,37.14,67.42,1.3,2.18,75.9,3.49,-0.0,,WIN,,,
HYPE,SHORT,ensemble,TRAILING_STOP,37.99,38.12,38.27,37.65,37.14,-3.45,0.23,2.18,75.9,1.01,0.0,IDLE->OPEN->TP1_HIT->TRAILING->CLOSED,LOSS,,,
HYPE,LONG,ensemble,TP1,39.62,40.41,39.01,40.36,41.1,89.22,1.14,2.0,71.1,2.57,-0.0,,WIN,,,
HYPE,LONG,ensemble,TRAILING_STOP,39.62,39.73,39.01,40.36,41.1,4.35,0.38,2.0,71.1,0.38,0.0,IDLE->OPEN->TP1_HIT->TRAILING->CLOSED,WIN,,,
HYPE,SHORT,ensemble,SL,37.81,38.53,38.18,37.35,36.9,-124.57,1.66,2.0,74.8,3.85,0.0,IDLE->OPEN->CLOSED,LOSS,,,
HYPE,SHORT,ensemble,TP1,38.07,37.35,38.33,37.74,37.26,150.38,1.5,2.63,82.5,7.01,-0.0,,WIN,,,
HYPE,SHORT,ensemble,TRAILING_STOP,38.07,37.69,38.33,37.74,37.26,8.91,0.17,2.63,82.5,3.71,0.0,IDLE->OPEN->TP1_HIT->TRAILING->CLOSED,WIN,,,
HYPE,SHORT,ensemble,SL,37.53,37.88,37.79,37.22,36.74,-89.1,2.41,2.0,74.8,2.7,0.0,IDLE->OPEN->CLOSED,LOSS,,,
HYPE,SHORT,ensemble,SL,37.53,38.39,37.91,37.08,36.62,-244.4,2.19,2.5,80.0,5.69,0.0,IDLE->OPEN->CLOSED,LOSS,,,
HYPE,SHORT,ensemble,TP1,37.03,35.6,37.5,36.45,35.87,201.11,0.97,2.57,81.5,7.73,-0.0,,WIN,,,
HYPE,SHORT,ensemble,TP2,37.03,35.6,37.5,36.45,35.87,22.06,0.11,2.57,81.5,7.73,0.0,IDLE->OPEN->TP1_HIT->TRAILING->CLOSED,WIN,,,
HYPE,SHORT,ensemble,SL,32.9,34.09,33.83,31.87,30.83,-135.97,0.98,2.0,74.9,2.57,0.0,IDLE->OPEN->CLOSED,LOSS,,,
HYPE,SHORT,ensemble,SL,33.07,34.52,34.32,31.66,30.26,-178.44,1.06,2.0,71.2,2.32,0.0,IDLE->OPEN->CLOSED,LOSS,,,
HYPE,SHORT,ensemble,TP1,32.85,32.27,33.3,32.3,31.74,56.41,0.7,2.24,76.2,2.85,-0.0,,WIN,,,
HYPE,SHORT,ensemble,TP2,32.85,31.59,33.3,32.3,31.74,40.9,0.23,2.24,76.2,6.19,0.0,IDLE->OPEN->TP1_HIT->TRAILING->CLOSED,WIN,,,
HYPE,SHORT,ensemble,SL,29.98,30.51,30.44,29.41,28.85,-82.47,1.16,2.04,75.2,2.34,0.0,IDLE->OPEN->CLOSED,LOSS,,,
HYPE,SHORT,ensemble,SL,30.88,31.54,31.47,30.11,29.27,-131.66,1.1,2.88,87.5,3.25,0.0,IDLE->OPEN->CLOSED,LOSS,,,
HYPE,SHORT,ensemble,TP1,31.24,30.27,31.7,30.62,29.96,197.99,1.08,2.88,87.5,6.04,-0.0,,WIN,,,
HYPE,SHORT,ensemble,TRAILING_STOP,31.24,30.82,31.7,30.62,29.96,16.21,0.21,2.88,87.5,2.61,0.0,IDLE->OPEN->TP1_HIT->TRAILING->CLOSED,WIN,,,
HYPE,SHORT,ensemble,TP1,31.49,30.54,32.11,30.67,29.78,72.14,0.42,2.74,84.9,4.27,-0.0,,WIN,,,
HYPE,SHORT,ensemble,TRAILING_STOP,31.49,31.14,32.11,30.67,29.78,11.24,0.18,2.74,84.9,1.55,0.0,IDLE->OPEN->TP1_HIT->TRAILING->CLOSED,WIN,,,
HYPE,LONG,ensemble,SL,36.18,35.68,35.75,36.7,37.22,-82.35,1.47,2.0,71.1,2.33,0.0,IDLE->OPEN->CLOSED,LOSS,,,
HYPE,LONG,ensemble,TP1,35.4,35.81,35.17,35.68,36.11,82.39,1.8,2.0,71.1,3.52,-0.0,,WIN,,,
HYPE,LONG,ensemble,TRAILING_STOP,35.4,35.52,35.17,35.68,36.11,4.08,0.31,2.0,71.1,0.99,0.0,IDLE->OPEN->TP1_HIT->TRAILING->CLOSED,WIN,,,
HYPE,LONG,ensemble,SL,36.01,35.46,35.57,36.6,37.23,-88.11,2.43,1.18,65.9,1.46,0.0,IDLE->OPEN->CLOSED,LOSS,,,
HYPE,SHORT,ensemble,TP1,34.34,33.61,34.7,33.91,33.47,208.12,2.39,2.0,71.0,4.05,-0.0,,WIN,,,
HYPE,SHORT,ensemble,TRAILING_STOP,34.34,34.0,34.7,33.91,33.47,10.96,0.27,2.0,71.0,1.92,0.0,IDLE->OPEN->TP1_HIT->TRAILING->CLOSED,WIN,,,
HYPE,SHORT,ensemble,SL,33.0,33.62,33.21,32.74,32.36,-128.4,1.73,2.0,74.9,5.89,0.0,IDLE->OPEN->CLOSED,LOSS,,,
HYPE,SHORT,ensemble,TP1,33.16,32.79,33.38,32.89,32.48,78.78,1.77,2.0,73.2,3.27,-0.0,,WIN,,,
HYPE,SHORT,ensemble,TP2,33.16,31.95,33.38,32.89,32.48,46.12,0.31,2.0,73.2,10.83,0.0,IDLE->OPEN->TP1_HIT->TRAILING->CLOSED,WIN,,,
HYPE,SHORT,ensemble,SL,30.75,31.22,31.17,30.25,29.74,-104.75,1.76,2.0,75.0,2.24,0.0,IDLE->OPEN->CLOSED,LOSS,,,
HYPE,SHORT,ensemble,TP1,30.23,29.54,30.73,29.56,28.83,102.91,0.74,3.01,90.1,4.09,-0.0,,WIN,,,
HYPE,SHORT,ensemble,TRAILING_STOP,30.23,30.24,30.73,29.56,28.83,-0.78,0.33,3.01,90.1,0.07,0.0,IDLE->OPEN->TP1_HIT->TRAILING->CLOSED,LOSS,,,
HYPE,SHORT,ensemble,SL,30.62,31.13,31.1,29.97,29.26,-131.08,1.38,2.88,87.5,3.04,0.0,IDLE->OPEN->CLOSED,LOSS,,,
HYPE,SHORT,ensemble,SL,31.31,31.91,31.74,30.74,30.12,-164.57,1.58,2.77,85.4,3.87,0.0,IDLE->OPEN->CLOSED,LOSS,,,
HYPE,LONG,ensemble,TP1,34.58,35.1,34.19,35.06,35.54,68.5,1.31,1.76,68.8,2.33,-0.0,,WIN,,,
HYPE,LONG,ensemble,TRAILING_STOP,34.58,34.67,34.19,35.06,35.54,3.88,0.43,1.76,68.8,0.39,0.0,IDLE->OPEN->TP1_HIT->TRAILING->CLOSED,WIN,,,
HYPE,SHORT,ensemble,TP1,33.19,32.72,33.41,32.93,32.53,196.28,2.61,2.61,78.1,5.64,-0.0,,WIN,,,
HYPE,SHORT,ensemble,TP2,33.19,32.15,33.41,32.93,32.53,48.8,0.29,2.61,78.1,12.57,0.0,IDLE->OPEN->TP1_HIT->TRAILING->CLOSED,WIN,,,
HYPE,SHORT,ensemble,TP1,31.38,31.04,31.61,31.11,30.69,82.52,1.85,2.04,75.2,3.06,-0.0,,WIN,,,
HYPE,SHORT,ensemble,TP2,31.38,30.58,31.61,31.11,30.69,34.26,0.32,2.04,75.2,7.2,0.0,IDLE->OPEN->TP1_HIT->TRAILING->CLOSED,WIN,,,
HYPE,SHORT,ensemble,SL,30.78,31.17,31.16,30.28,29.74,-131.66,1.84,2.88,87.5,2.99,0.0,IDLE->OPEN->CLOSED,LOSS,,,
HYPE,SHORT,ensemble,TP1,30.9,30.66,31.07,30.69,30.38,92.49,2.6,2.28,76.4,3.17,-0.0,,WIN,,,
HYPE,SHORT,ensemble,TRAILING_STOP,30.9,31.11,31.07,30.69,30.38,-14.79,0.47,2.28,76.4,2.86,0.0,IDLE->OPEN->TP1_HIT->TRAILING->CLOSED,LOSS,,,
HYPE,SHORT,ensemble,TP1,31.04,30.52,31.2,30.85,30.57,228.94,3.35,2.0,70.5,6.6,-0.0,,WIN,,,
HYPE,SHORT,ensemble,TP2,31.04,30.52,31.2,30.85,30.57,25.45,0.37,2.0,70.5,6.6,0.0,IDLE->OPEN->TP1_HIT->TRAILING->CLOSED,WIN,,,
HYPE,SHORT,ensemble,TP1,29.86,29.43,30.07,29.61,29.23,120.0,2.05,2.0,72.7,4.11,-0.0,,WIN,,,
HYPE,SHORT,ensemble,TP2,29.86,28.34,30.07,29.61,29.23,74.79,0.35,2.0,72.7,14.53,0.0,IDLE->OPEN->TP1_HIT->TRAILING->CLOSED,WIN,,,
HYPE,SHORT,ensemble,SL,29.27,29.68,29.68,28.77,28.27,-130.25,2.23,2.08,75.4,2.12,0.0,IDLE->OPEN->CLOSED,LOSS,,,
HYPE,SHORT,ensemble,TP1,29.57,29.07,29.89,29.17,28.78,87.84,0.98,2.65,78.3,4.01,-0.0,,WIN,,,
HYPE,SHORT,ensemble,TRAILING_STOP,29.57,29.67,29.89,29.17,28.78,-6.31,0.33,2.65,78.3,0.86,0.0,IDLE->OPEN->TP1_HIT->TRAILING->CLOSED,LOSS,,,
HYPE,SHORT,ensemble,TP1,29.37,28.63,29.78,28.83,28.24,147.52,1.42,2.0,74.7,3.63,-0.0,,WIN,,,
HYPE,SHORT,ensemble,TP2,29.37,27.9,29.78,28.83,28.24,125.57,0.59,2.0,74.7,7.21,0.0,IDLE->OPEN->TP1_HIT->TRAILING->CLOSED,WIN,,,
HYPE,SHORT,ensemble,SL,27.9,28.54,28.26,27.47,27.04,-173.82,1.82,2.13,75.6,3.84,0.0,IDLE->OPEN->CLOSED,LOSS,,,
HYPE,SHORT,ensemble,SL,27.77,28.54,28.19,27.22,26.61,-145.99,0.94,2.88,87.5,5.29,0.0,IDLE->OPEN->CLOSED,LOSS,,,
HYPE,SHORT,ensemble,TP1,28.65,28.01,29.05,28.17,27.69,159.37,1.73,2.0,71.0,3.24,-0.0,,WIN,,,
HYPE,SHORT,ensemble,TP2,28.65,27.55,29.05,28.17,27.69,91.17,0.57,2.0,71.0,5.54,0.0,IDLE->OPEN->TP1_HIT->TRAILING->CLOSED,WIN,,,
HYPE,SHORT,ensemble,SL,28.25,28.94,28.63,27.79,27.33,-252.65,2.63,2.0,71.3,3.66,0.0,IDLE->OPEN->CLOSED,LOSS,,,
HYPE,SHORT,ensemble,TP1,27.04,26.34,27.38,26.63,26.21,204.87,1.68,2.31,76.5,4.71,-0.0,,WIN,,,
HYPE,SHORT,ensemble,TRAILING_STOP,27.04,26.68,27.38,26.63,26.21,11.92,0.19,2.31,76.5,2.46,0.0,IDLE->OPEN->TP1_HIT->TRAILING->CLOSED,WIN,,,
HYPE,SHORT,ensemble,SL,26.68,27.09,27.08,26.15,25.57,-132.08,1.51,2.88,87.5,2.97,0.0,IDLE->OPEN->CLOSED,LOSS,,,
HYPE,SHORT,ensemble,SL,26.9,27.63,27.22,26.51,26.12,-238.04,2.41,1.85,69.2,4.25,0.0,IDLE->OPEN->CLOSED,LOSS,,,
HYPE,SHORT,ensemble,TP1,26.73,26.13,27.17,26.14,25.51,99.4,0.76,2.88,87.5,3.91,-0.0,,WIN,,,
HYPE,SHORT,ensemble,TP2,26.73,25.28,27.17,26.14,25.51,104.01,0.31,2.88,87.5,9.52,0.0,IDLE->OPEN->TP1_HIT->TRAILING->CLOSED,WIN,,,
HYPE,SHORT,ensemble,TP1,24.66,23.98,25.1,24.14,23.61,104.37,0.92,2.0,74.5,3.13,-0.0,,WIN,,,
HYPE,SHORT,ensemble,TRAILING_STOP,24.66,24.48,25.1,24.14,23.61,9.49,0.31,2.0,74.5,0.85,0.0,IDLE->OPEN->TP1_HIT->TRAILING->CLOSED,WIN,,,
HYPE,SHORT,ensemble,TP1,23.73,23.09,24.13,23.19,22.61,82.99,0.53,2.88,87.5,4.51,-0.0,,WIN,,,
HYPE,SHORT,ensemble,TRAILING_STOP,23.73,23.13,24.13,23.19,22.61,33.62,0.23,2.88,87.5,4.24,0.0,IDLE->OPEN->TP1_HIT->TRAILING->CLOSED,WIN,,,
HYPE,SHORT,ensemble,SL,24.04,24.75,24.36,23.62,23.16,-285.21,1.73,2.88,87.5,6.46,0.0,IDLE->OPEN->CLOSED,LOSS,,,
HYPE,SHORT,ensemble,SL,23.93,24.3,24.18,23.64,23.35,-125.29,1.46,2.89,79.4,4.27,0.0,IDLE->OPEN->CLOSED,LOSS,,,
HYPE,SHORT,ensemble,SL,23.89,24.28,24.13,23.6,23.31,-206.97,3.23,2.0,70.8,3.28,0.0,IDLE->OPEN->CLOSED,LOSS,,,
HYPE,LONG,ensemble,SL,26.21,25.84,26.06,26.39,26.65,-233.75,4.18,1.97,69.9,4.89,0.0,IDLE->OPEN->CLOSED,LOSS,,,
HYPE,LONG,ensemble,TP1,26.04,26.27,25.87,26.24,26.54,57.63,1.63,2.0,71.0,2.81,-0.0,,WIN,,,
HYPE,LONG,ensemble,TRAILING_STOP,26.04,25.81,25.87,26.24,26.54,-10.12,0.28,2.0,71.0,2.79,0.0,IDLE->OPEN->TP1_HIT->TRAILING->CLOSED,LOSS,,,
HYPE,LONG,ensemble,SL,26.17,25.8,26.01,26.37,26.67,-99.9,1.74,2.0,73.7,4.49,0.0,IDLE->OPEN->CLOSED,LOSS,,,
HYPE,SHORT,ensemble,SL,25.41,25.63,25.54,25.25,25.01,-72.91,1.79,2.33,76.7,3.98,0.0,IDLE->OPEN->CLOSED,LOSS,,,
HYPE,SHORT,ensemble,SL,25.56,25.75,25.72,25.38,25.1,-81.12,2.4,2.29,76.5,2.84,0.0,IDLE->OPEN->CLOSED,LOSS,,,
HYPE,SHORT,ensemble,TP1,25.49,25.29,25.6,25.35,25.14,100.1,3.21,2.0,73.2,3.42,-0.0,,WIN,,,
HYPE,SHORT,ensemble,TP2,25.49,24.28,25.6,25.35,25.14,108.52,0.54,2.0,73.2,21.03,0.0,IDLE->OPEN->TP1_HIT->TRAILING->CLOSED,WIN,,,
HYPE,SHORT,ensemble,SL,24.06,24.35,24.31,23.77,23.47,-111.34,2.33,2.0,72.6,2.38,0.0,IDLE->OPEN->CLOSED,LOSS,,,
HYPE,SHORT,ensemble,SL,24.28,24.48,24.45,24.08,23.78,-78.6,2.4,2.0,73.2,2.39,0.0,IDLE->OPEN->CLOSED,LOSS,,,
HYPE,SHORT,ensemble,SL,24.44,24.61,24.6,24.24,23.94,-63.39,2.23,2.0,73.2,2.13,0.0,IDLE->OPEN->CLOSED,LOSS,,,
HYPE,SHORT,ensemble,SL,24.54,24.86,24.69,24.35,24.08,-145.47,2.91,1.9,69.5,4.11,0.0,IDLE->OPEN->CLOSED,LOSS,,,
HYPE,LONG,ensemble,SL,26.03,25.88,25.88,26.21,26.49,-54.07,2.46,1.87,69.4,1.89,0.0,IDLE->OPEN->CLOSED,LOSS,,,
HYPE,LONG,ensemble,TP1,26.88,27.13,26.69,27.12,27.47,62.05,1.78,1.94,69.7,2.44,-0.0,,WIN,,,
HYPE,LONG,ensemble,TRAILING_STOP,26.88,26.58,26.69,27.12,27.47,-13.69,0.31,1.94,69.7,3.06,0.0,IDLE->OPEN->TP1_HIT->TRAILING->CLOSED,LOSS,,,
HYPE,LONG,ensemble,TP1,26.44,27.1,26.14,26.79,27.15,154.53,1.99,1.58,67.9,3.57,-0.0,,WIN,,,
HYPE,LONG,ensemble,TRAILING_STOP,26.44,26.54,26.14,26.79,27.15,2.62,0.22,1.58,67.9,0.54,0.0,IDLE->OPEN->TP1_HIT->TRAILING->CLOSED,WIN,,,
HYPE,LONG,ensemble,TP1,26.68,27.26,26.35,27.08,27.47,112.44,1.39,1.9,69.5,3.37,-0.0,,WIN,,,
HYPE,LONG,ensemble,TRAILING_STOP,26.68,26.72,26.35,27.08,27.47,2.5,0.46,1.9,69.5,0.22,0.0,IDLE->OPEN->TP1_HIT->TRAILING->CLOSED,WIN,,,
HYPE,LONG,ensemble,SL,28.26,27.65,27.9,28.68,29.11,-128.34,1.46,2.0,73.9,3.46,0.0,IDLE->OPEN->CLOSED,LOSS,,,
HYPE,SHORT,ensemble,SL,25.48,25.73,25.63,25.29,25.01,-97.13,2.91,1.71,68.5,2.78,0.0,IDLE->OPEN->CLOSED,LOSS,,,
HYPE,SHORT,ensemble,SL,25.49,25.7,25.64,25.31,25.03,-51.75,1.93,1.7,68.5,2.27,0.0,IDLE->OPEN->CLOSED,LOSS,,,
HYPE,SHORT,ensemble,TP1,25.04,24.64,25.2,24.85,24.56,163.09,3.39,1.49,67.5,3.7,-0.0,,WIN,,,
HYPE,SHORT,ensemble,TP2,25.04,24.42,25.2,24.85,24.56,28.3,0.37,1.49,67.5,5.78,0.0,IDLE->OPEN->TP1_HIT->TRAILING->CLOSED,WIN,,,
HYPE,SHORT,ensemble,TP1,24.27,24.13,24.38,24.14,23.94,60.28,2.51,2.0,73.2,2.68,-0.0,,WIN,,,
HYPE,SHORT,ensemble,TRAILING_STOP,24.27,24.06,24.38,24.14,23.94,15.74,0.44,2.0,73.2,3.95,0.0,IDLE->OPEN->TP1_HIT->TRAILING->CLOSED,WIN,,,
HYPE,SHORT,ensemble,SL,23.86,24.02,23.97,23.73,23.53,-86.23,3.2,2.0,73.2,2.96,0.0,IDLE->OPEN->CLOSED,LOSS,,,
HYPE,SHORT,ensemble,SL,24.41,24.51,24.49,24.31,24.17,-79.63,5.93,1.58,67.9,2.05,0.0,IDLE->OPEN->CLOSED,LOSS,,,
HYPE,SHORT,ensemble,SL,24.41,24.51,24.49,24.3,24.15,-76.68,5.23,1.79,69.0,2.08,0.0,IDLE->OPEN->CLOSED,LOSS,,,
HYPE,SHORT,ensemble,TP1,24.07,23.77,24.24,23.87,23.56,55.84,0.87,2.58,77.9,4.55,-0.0,,WIN,,,
HYPE,SHORT,ensemble,TP2,24.07,23.44,24.24,23.87,23.56,20.83,0.15,2.58,77.9,9.61,0.0,IDLE->OPEN->TP1_HIT->TRAILING->CLOSED,WIN,,,
HYPE,LONG,ensemble,TP1,25.8,26.07,25.6,26.04,26.41,34.91,1.43,1.15,65.8,1.57,-0.0,,WIN,,,
HYPE,LONG,ensemble,TRAILING_STOP,25.8,25.81,25.6,26.04,26.41,0.25,0.25,1.15,65.8,0.06,0.0,IDLE->OPEN->TP1_HIT->TRAILING->CLOSED,WIN,,,
HYPE,LONG,ensemble,TP1,26.33,26.64,26.13,26.56,26.91,92.02,1.94,2.0,71.1,3.28,-0.0,,WIN,,,
HYPE,LONG,ensemble,TRAILING_STOP,26.33,26.15,26.13,26.56,26.91,-9.2,0.34,2.0,71.1,1.85,0.0,IDLE->OPEN->TP1_HIT->TRAILING->CLOSED,LOSS,,,
HYPE,SHORT,ensemble,TP1,24.97,24.62,25.23,24.67,24.36,84.98,1.48,2.0,73.0,2.79,-0.0,,WIN,,,
HYPE,SHORT,ensemble,TRAILING_STOP,24.97,25.0,25.23,24.67,24.36,-2.21,0.5,2.0,73.0,0.22,0.0,IDLE->OPEN->TP1_HIT->TRAILING->CLOSED,LOSS,,,
HYPE,SHORT,ensemble,SL,24.85,24.99,24.96,24.71,24.52,-110.68,5.11,1.87,69.4,2.48,0.0,IDLE->OPEN->CLOSED,LOSS,,,
HYPE,LONG,ensemble,SL,25.82,25.65,25.7,25.96,26.17,-67.34,2.94,1.79,69.0,2.52,0.0,IDLE->OPEN->CLOSED,LOSS,,,
HYPE,LONG,ensemble,TP1,25.82,25.98,25.7,25.97,26.19,44.96,1.85,2.0,71.5,2.63,-0.0,,WIN,,,
HYPE,LONG,ensemble,TRAILING_STOP,25.82,25.86,25.7,25.97,26.19,1.71,0.32,2.0,71.5,0.57,0.0,IDLE->OPEN->TP1_HIT->TRAILING->CLOSED,WIN,,,
HYPE,SHORT,ensemble,SL,23.65,24.04,23.84,23.39,22.99,-156.04,1.59,3.01,90.1,6.21,0.0,IDLE->OPEN->CLOSED,LOSS,,,
HYPE,SHORT,ensemble,TP1,23.7,23.45,23.85,23.51,23.2,99.82,1.63,2.88,87.5,4.99,-0.0,,WIN,,,
HYPE,SHORT,ensemble,TP2,23.7,23.19,23.85,23.51,23.2,51.28,0.4,2.88,87.5,10.21,0.0,IDLE->OPEN->TP1_HIT->TRAILING->CLOSED,WIN,,,
HYPE,SHORT,ensemble,TP1,22.94,22.54,23.1,22.74,22.45,180.0,2.77,1.85,69.3,4.52,-0.0,,WIN,,,
HYPE,SHORT,ensemble,TP2,22.94,21.77,23.1,22.74,22.45,59.36,0.3,1.85,69.3,13.39,0.0,IDLE->OPEN->TP1_HIT->TRAILING->CLOSED,WIN,,,
HYPE,SHORT,ensemble,SL,21.26,21.69,21.6,20.79,20.29,-109.57,0.91,3.01,90.1,3.74,0.0,IDLE->OPEN->CLOSED,LOSS,,,
HYPE,SHORT,ensemble,TP1,20.98,20.6,21.2,20.7,20.43,74.75,0.91,2.28,76.4,3.77,-0.0,,WIN,,,
HYPE,SHORT,ensemble,TRAILING_STOP,20.98,20.86,21.2,20.7,20.43,7.55,0.3,2.28,76.4,1.15,0.0,IDLE->OPEN->TP1_HIT->TRAILING->CLOSED,WIN,,,
HYPE,SHORT,ensemble,SL,20.69,21.87,20.99,20.29,19.86,-295.23,0.95,2.88,87.5,11.4,0.0,IDLE->OPEN->CLOSED,LOSS,,,
HYPE,SHORT,ensemble,SL,21.56,21.93,21.93,21.06,20.52,-108.79,1.1,2.88,87.5,2.91,0.0,IDLE->OPEN->CLOSED,LOSS,,,
HYPE,SHORT,ensemble,TP1,21.8,21.43,21.95,21.61,21.33,147.47,1.87,2.28,76.4,5.49,-0.0,,WIN,,,
HYPE,SHORT,ensemble,TP2,21.8,21.27,21.95,21.61,21.33,23.36,0.21,2.28,76.4,7.8,0.0,IDLE->OPEN->TP1_HIT->TRAILING->CLOSED,WIN,,,
HYPE,SHORT,ensemble,SL,21.41,21.6,21.57,21.21,20.91,-79.78,2.24,2.0,74.8,2.36,0.0,IDLE->OPEN->CLOSED,LOSS,,,
HYPE,SHORT,ensemble,TP1,21.45,21.2,21.58,21.29,21.05,104.19,2.2,2.0,73.2,3.8,-0.0,,WIN,,,
HYPE,SHORT,ensemble,TP2,21.45,20.9,21.58,21.29,21.05,40.24,0.38,2.0,73.2,8.33,0.0,IDLE->OPEN->TP1_HIT->TRAILING->CLOSED,WIN,,,
HYPE,SHORT,ensemble,SL,21.95,22.22,22.2,21.65,21.35,-92.22,1.92,2.0,73.2,2.15,0.0,IDLE->OPEN->CLOSED,LOSS,,,
HYPE,LONG,ensemble,TP1,24.11,24.8,23.82,24.47,24.82,144.48,1.38,1.9,69.5,4.44,-0.0,,WIN,,,
HYPE,LONG,ensemble,TP2,24.11,25.08,23.82,24.47,24.82,22.54,0.15,1.9,69.5,6.26,0.0,IDLE->OPEN->TP1_HIT->TRAILING->CLOSED,WIN,,,
HYPE,LONG,ensemble,TP1,25.88,26.91,25.52,26.33,26.77,182.57,1.24,1.92,69.6,5.4,-0.0,,WIN,,,
HYPE,LONG,ensemble,TP2,25.88,26.91,25.52,26.33,26.77,20.13,0.14,1.92,69.6,5.4,0.0,IDLE->OPEN->TP1_HIT->TRAILING->CLOSED,WIN,,,
HYPE,LONG,ensemble,SL,28.5,27.78,27.98,29.2,29.95,-134.74,0.86,3.01,90.1,4.16,0.0,IDLE->OPEN->CLOSED,LOSS,,,
HYPE,LONG,ensemble,TP1,29.79,30.47,29.29,30.4,31.01,85.87,0.72,2.68,78.4,3.62,-0.0,,WIN,,,
HYPE,LONG,ensemble,TP2,29.79,31.47,29.29,30.4,31.01,70.6,0.25,2.68,78.4,8.96,0.0,IDLE->OPEN->TP1_HIT->TRAILING->CLOSED,WIN,,,
HYPE,LONG,ensemble,SL,34.01,32.76,33.35,34.8,35.59,-147.78,0.97,2.0,74.2,3.81,0.0,IDLE->OPEN->CLOSED,LOSS,,,
HYPE,LONG,ensemble,SL,34.64,33.56,33.71,35.69,36.74,-98.55,0.76,2.0,74.4,2.32,0.0,IDLE->OPEN->CLOSED,LOSS,,,
HYPE,LONG,ensemble,TP1,33.33,34.42,32.73,34.14,35.02,139.78,0.77,2.88,87.5,5.14,-0.0,,WIN,,,
HYPE,LONG,ensemble,TRAILING_STOP,33.33,33.11,32.73,34.14,35.02,-12.3,0.32,2.88,87.5,1.06,0.0,IDLE->OPEN->TP1_HIT->TRAILING->CLOSED,LOSS,,,
HYPE,LONG,ensemble,TP1,32.85,34.03,32.18,33.76,34.74,111.68,0.56,2.88,87.5,4.97,-0.0,,WIN,,,
HYPE,LONG,ensemble,TRAILING_STOP,32.85,33.0,32.18,33.76,34.74,5.79,0.23,2.88,87.5,0.6,0.0,IDLE->OPEN->TP1_HIT->TRAILING->CLOSED,WIN,,,
HYPE,LONG,ensemble,SL,32.47,31.06,31.45,33.72,35.08,-163.06,1.22,1.47,67.4,2.04,0.0,IDLE->OPEN->CLOSED,LOSS,,,
HYPE,LONG,ensemble,SL,32.14,30.77,31.15,33.23,34.33,-152.68,0.65,2.65,78.3,3.69,0.0,IDLE->OPEN->CLOSED,LOSS,,,
HYPE,LONG,ensemble,SL,31.36,30.36,30.79,32.05,32.74,-166.51,1.26,2.0,71.2,3.54,0.0,IDLE->OPEN->CLOSED,LOSS,,,
HYPE,LONG,ensemble,TP1,30.9,32.72,29.91,32.01,33.13,175.64,0.8,1.98,69.9,3.62,-0.0,,WIN,,,
HYPE,LONG,ensemble,TP2,30.9,33.31,29.91,32.01,33.13,26.14,0.09,1.98,69.9,4.79,0.0,IDLE->OPEN->TP1_HIT->TRAILING->CLOSED,WIN,,,
HYPE,LONG,ensemble,TP1,35.44,37.9,34.51,36.49,37.53,198.1,0.7,2.2,76.0,5.78,-0.0,,WIN,,,
HYPE,LONG,ensemble,TP2,35.44,37.9,34.51,36.49,37.53,21.59,0.08,2.2,76.0,5.78,0.0,IDLE->OPEN->TP1_HIT->TRAILING->CLOSED,WIN,,,
HYPE,LONG,ensemble,SL,35.41,33.87,34.25,36.85,38.41,-117.97,0.47,2.74,84.9,3.63,0.0,IDLE->OPEN->CLOSED,LOSS,,,
HYPE,LONG,ensemble,TP1,34.59,35.33,34.02,35.28,35.97,58.7,0.57,2.44,77.2,3.21,-0.0,,WIN,,,
HYPE,LONG,ensemble,TRAILING_STOP,34.59,35.13,34.02,35.28,35.97,14.27,0.19,2.44,77.2,2.35,0.0,IDLE->OPEN->TP1_HIT->TRAILING->CLOSED,WIN,,,
HYPE,LONG,ensemble,SL,34.74,34.09,34.09,35.52,36.3,-95.17,1.25,2.0,74.4,2.01,0.0,IDLE->OPEN->CLOSED,LOSS,,,
HYPE,LONG,ensemble,SL,35.13,33.63,33.79,36.63,38.13,-81.5,0.42,2.2,76.0,2.45,0.0,IDLE->OPEN->CLOSED,LOSS,,,
HYPE,SHORT,ensemble,TP1,30.96,30.4,31.35,30.49,30.02,70.96,0.96,2.0,73.3,2.87,-0.0,,WIN,,,
HYPE,SHORT,ensemble,TP2,30.96,29.99,31.35,30.49,30.02,41.32,0.32,2.0,73.3,4.99,0.0,IDLE->OPEN->TP1_HIT->TRAILING->CLOSED,WIN,,,
HYPE,SHORT,ensemble,SL,29.54,29.93,29.87,29.15,28.76,-108.31,2.13,1.97,69.9,2.34,0.0,IDLE->OPEN->CLOSED,LOSS,,,
HYPE,SHORT,ensemble,TP1,29.04,28.55,29.38,28.62,28.2,49.15,0.71,2.0,72.1,2.85,-0.0,,WIN,,,
HYPE,SHORT,ensemble,TRAILING_STOP,29.04,29.09,29.38,28.62,28.2,-1.64,0.24,2.0,72.1,0.29,0.0,IDLE->OPEN->TP1_HIT->TRAILING->CLOSED,LOSS,,,
HYPE,LONG,ensemble,TP1,30.76,31.63,30.45,31.13,31.5,176.6,2.6,1.23,66.1,3.52,-0.0,,WIN,,,
HYPE,LONG,ensemble,TP2,30.76,31.63,30.45,31.13,31.5,19.62,0.29,1.23,66.1,3.52,0.0,IDLE->OPEN->TP1_HIT->TRAILING->CLOSED,WIN,,,
HYPE,LONG,ensemble,SL,31.54,31.11,31.16,32.0,32.45,-58.02,1.05,2.0,73.6,2.29,0.0,IDLE->OPEN->CLOSED,LOSS,,,
HYPE,LONG,ensemble,SL,31.94,31.48,31.55,32.41,32.89,-113.81,1.5,2.6,78.0,3.06,0.0,IDLE->OPEN->CLOSED,LOSS,,,
HYPE,LONG,ensemble,TP1,31.81,32.09,31.6,32.06,32.43,81.88,2.3,2.0,72.1,2.78,-0.0,,WIN,,,
HYPE,LONG,ensemble,TRAILING_STOP,31.81,31.39,31.6,32.06,32.43,-21.28,0.4,2.0,72.1,4.09,0.0,IDLE->OPEN->TP1_HIT->TRAILING->CLOSED,LOSS,,,
HYPE,LONG,ensemble,TP1,31.46,31.84,31.22,31.76,32.2,76.32,2.04,1.58,67.9,2.43,-0.0,,WIN,,,
HYPE,LONG,ensemble,TRAILING_STOP,31.46,31.42,31.22,31.76,32.2,-1.6,0.36,1.58,67.9,0.29,0.0,IDLE->OPEN->TP1_HIT->TRAILING->CLOSED,LOSS,,,
HYPE,SHORT,ensemble,TP1,30.42,30.04,30.64,30.16,29.76,112.5,3.45,1.29,66.5,2.23,-0.0,,WIN,,,
HYPE,SHORT,ensemble,TP2,30.42,29.64,30.64,30.16,29.76,40.63,0.6,1.29,66.5,4.58,0.0,IDLE->OPEN->TP1_HIT->TRAILING->CLOSED,WIN,,,
HYPE,SHORT,ensemble,SL,29.91,30.4,30.11,29.67,29.32,-231.38,3.59,2.0,70.7,5.03,0.0,IDLE->OPEN->CLOSED,LOSS,,,
HYPE,SHORT,ensemble,TP1,29.74,29.35,29.95,29.48,29.1,101.18,1.54,2.47,77.4,4.58,-0.0,,WIN,,,
HYPE,SHORT,ensemble,TRAILING_STOP,29.74,29.68,29.95,29.48,29.1,2.52,0.27,2.47,77.4,0.65,0.0,IDLE->OPEN->TP1_HIT->TRAILING->CLOSED,WIN,,,
HYPE,SHORT,ensemble,SL,29.34,29.67,29.66,28.96,28.57,-98.53,1.73,2.57,77.9,2.67,0.0,IDLE->OPEN->CLOSED,LOSS,,,
HYPE,SHORT,ensemble,BACKTEST_END,29.08,29.35,29.39,28.7,28.33,-72.93,1.62,2.48,77.4,2.14,0.0,IDLE->OPEN->CLOSED,LOSS,,,
SOL,LONG,ensemble,SL,214.29,211.64,212.08,216.97,219.65,-113.08,2.26,2.0,70.0,2.4,0.0,IDLE->OPEN->CLOSED,LOSS,,,
SOL,LONG,ensemble,SL,215.72,211.02,214.12,217.66,220.57,-210.09,3.62,1.3,66.5,3.82,0.0,IDLE->OPEN->CLOSED,LOSS,,,
SOL,LONG,ensemble,TP1,213.32,216.95,210.9,216.25,219.18,80.8,1.21,2.0,71.1,3.01,-2.1,,WIN,,,
SOL,LONG,ensemble,TRAILING_STOP,213.32,212.72,210.9,216.25,219.18,-4.44,0.4,2.0,71.1,0.49,0.0,IDLE->OPEN->TP1_HIT->TRAILING->CLOSED,LOSS,,,
SOL,SHORT,ensemble,SL,199.77,201.17,201.06,198.2,195.85,-36.43,1.31,2.0,71.1,2.17,0.0,IDLE->OPEN->CLOSED,LOSS,,,
SOL,SHORT,ensemble,TP1,200.33,197.52,201.27,199.19,197.48,119.94,3.48,1.21,66.1,3.61,-2.1,,WIN,,,
SOL,SHORT,ensemble,TRAILING_STOP,200.33,198.4,201.27,199.19,197.48,9.16,0.39,1.21,66.1,2.48,0.0,IDLE->OPEN->TP1_HIT->TRAILING->CLOSED,WIN,,,
SOL,SHORT,ensemble,TP1,199.23,194.97,200.69,197.46,194.8,163.87,1.26,2.99,79.9,8.7,-2.1,,WIN,,,
SOL,SHORT,ensemble,TRAILING_STOP,199.23,197.19,200.69,197.46,194.8,8.71,0.14,2.99,79.9,4.16,0.0,IDLE->OPEN->TP1_HIT->TRAILING->CLOSED,WIN,,,
SOL,LONG,ensemble,TP1,209.72,211.68,208.1,211.68,214.62,88.74,2.39,2.0,73.0,2.43,-1.9,,WIN,,,
SOL,LONG,ensemble,TRAILING_STOP,209.72,209.93,208.1,211.68,214.62,1.72,0.42,2.0,73.0,0.27,0.0,IDLE->OPEN->TP1_HIT->TRAILING->CLOSED,WIN,,,
SOL,LONG,ensemble,SL,210.88,208.22,209.78,212.34,214.69,-215.82,2.94,2.88,87.5,6.95,0.0,IDLE->OPEN->CLOSED,LOSS,,,
SOL,SHORT,ensemble,TP1,201.18,200.14,201.66,200.59,199.71,110.5,6.23,1.71,68.5,3.65,-1.9,,WIN,,,
SOL,SHORT,ensemble,TRAILING_STOP,201.18,200.84,201.66,200.59,199.71,4.0,0.69,1.71,68.5,1.19,0.0,IDLE->OPEN->TP1_HIT->TRAILING->CLOSED,WIN,,,
SOL,LONG,ensemble,TP1,204.85,207.17,204.2,205.64,206.82,126.93,2.84,2.0,73.7,7.13,-1.9,,WIN,,,
SOL,LONG,ensemble,TP2,204.85,207.17,204.2,205.64,206.82,14.14,0.32,2.0,73.7,7.13,0.0,IDLE->OPEN->TP1_HIT->TRAILING->CLOSED,WIN,,,
SOL,LONG,ensemble,TP1,207.99,210.99,207.12,209.05,210.63,274.53,3.61,2.68,83.5,9.23,-1.9,,WIN,,,
SOL,LONG,ensemble,TP2,207.99,210.99,207.12,209.05,210.63,30.47,0.4,2.68,83.5,9.23,0.0,IDLE->OPEN->TP1_HIT->TRAILING->CLOSED,WIN,,,
SOL,LONG,ensemble,TP1,215.09,218.59,213.96,216.46,218.51,170.88,2.67,2.0,73.2,6.21,-1.9,,WIN,,,
SOL,LONG,ensemble,TP2,215.09,218.59,213.96,216.46,218.51,18.99,0.3,2.0,73.2,6.21,0.0,IDLE->OPEN->TP1_HIT->TRAILING->CLOSED,WIN,,,
SOL,LONG,ensemble,SL,218.05,215.7,217.0,219.31,221.21,-147.94,3.4,2.0,73.9,4.5,0.0,IDLE->OPEN->CLOSED,LOSS,,,
SOL,LONG,ensemble,SL,216.65,215.31,215.46,218.09,220.26,-62.43,2.51,2.0,73.2,2.25,0.0,IDLE->OPEN->CLOSED,LOSS,,,
SOL,LONG,ensemble,TP1,219.36,222.34,218.14,220.84,223.07,146.79,2.52,2.17,75.9,5.29,-1.9,,WIN,,,
SOL,LONG,ensemble,TRAILING_STOP,219.36,220.9,218.14,220.84,223.07,8.42,0.28,2.17,75.9,2.73,0.0,IDLE->OPEN->TP1_HIT->TRAILING->CLOSED,WIN,,,
SOL,LONG,ensemble,SL,223.6,221.3,222.38,225.23,227.85,-135.1,2.16,3.01,90.1,5.65,0.0,IDLE->OPEN->CLOSED,LOSS,,,
SOL,LONG,ensemble,SL,224.26,223.03,223.15,225.61,227.63,-78.46,3.12,2.28,76.4,2.52,0.0,IDLE->OPEN->CLOSED,LOSS,,,
SOL,LONG,ensemble,TP1,224.6,225.84,223.76,225.62,227.16,84.46,3.85,2.0,73.2,2.94,-1.9,,WIN,,,
SOL,LONG,ensemble,TP2,224.6,228.28,223.76,225.62,227.16,44.28,0.69,2.0,73.2,8.73,0.0,IDLE->OPEN->TP1_HIT->TRAILING->CLOSED,WIN,,,
SOL,LONG,ensemble,TP1,228.16,232.99,226.77,230.02,233.01,303.84,2.55,2.88,87.5,9.95,-1.9,,WIN,,,
SOL,LONG,ensemble,TP2,228.16,235.07,226.77,230.02,233.01,48.49,0.29,2.88,87.5,14.25,0.0,IDLE->OPEN->TP1_HIT->TRAILING->CLOSED,WIN,,,
SOL,LONG,ensemble,SL,240.77,239.57,239.66,242.25,244.61,-113.09,3.92,2.88,87.5,3.12,0.0,IDLE->OPEN->CLOSED,LOSS,,,
SOL,LONG,ensemble,SL,243.18,241.5,242.02,244.59,246.71,-121.67,3.84,2.28,76.4,3.29,0.0,IDLE->OPEN->CLOSED,LOSS,,,
SOL,LONG,ensemble,TP1,241.71,243.42,240.45,243.39,246.09,82.04,3.97,1.47,67.4,2.0,-1.9,,WIN,,,
SOL,LONG,ensemble,TRAILING_STOP,241.71,241.83,240.45,243.39,246.09,1.43,0.98,1.47,67.4,0.14,0.0,IDLE->OPEN->TP1_HIT->TRAILING->CLOSED,WIN,,,
SOL,LONG,ensemble,TP1,239.07,241.88,238.01,240.49,242.76,212.57,3.18,2.88,87.5,7.61,-1.9,,WIN,,,
SOL,LONG,ensemble,TP2,239.07,243.46,238.01,240.49,242.76,36.89,0.36,2.88,87.5,11.89,0.0,IDLE->OPEN->TP1_HIT->TRAILING->CLOSED,WIN,,,
SOL,LONG,ensemble,SL,247.8,246.35,246.6,249.26,251.44,-108.0,4.57,2.0,73.5,2.42,0.0,IDLE->OPEN->CLOSED,LOSS,,,
SOL,LONG,ensemble,SL,246.1,243.65,244.83,247.81,250.53,-165.55,4.41,1.87,69.3,3.59,0.0,IDLE->OPEN->CLOSED,LOSS,,,
SOL,LONG,ensemble,SL,248.02,244.5,246.79,249.51,251.75,-129.83,1.98,2.28,76.4,6.52,0.0,IDLE->OPEN->CLOSED,LOSS,,,
SOL,LONG,ensemble,TP1,247.34,249.94,246.0,248.98,251.43,108.76,2.53,2.07,75.3,3.98,-1.9,,WIN,,,
SOL,LONG,ensemble,TP2,247.34,251.55,246.0,248.98,251.43,31.12,0.45,2.07,75.3,6.45,0.0,IDLE->OPEN->TP1_HIT->TRAILING->CLOSED,WIN,,,
SOL,SHORT,ensemble,TP1,224.32,221.52,226.61,221.54,218.77,51.34,1.18,1.72,68.6,2.11,-1.9,,WIN,,,
SOL,SHORT,ensemble,TRAILING_STOP,224.32,222.98,226.61,221.54,218.77,8.21,0.4,1.72,68.6,1.01,0.0,IDLE->OPEN->TP1_HIT->TRAILING->CLOSED,WIN,,,
SOL,SHORT,ensemble,SL,217.01,219.53,219.24,214.31,211.6,-91.24,2.22,1.79,69.0,2.03,0.0,IDLE->OPEN->CLOSED,LOSS,,,
SOL,SHORT,ensemble,TP1,215.13,213.18,216.39,213.61,211.33,60.7,1.53,2.16,75.8,3.36,-1.9,,WIN,,,
SOL,SHORT,ensemble,TRAILING_STOP,215.13,216.12,216.39,213.61,211.33,-5.4,0.27,2.16,75.8,1.7,0.0,IDLE->OPEN->TP1_HIT->TRAILING->CLOSED,LOSS,,,
SOL,SHORT,ensemble,SL,207.98,209.98,209.11,206.6,204.53,-107.58,2.63,2.14,75.7,3.78,0.0,IDLE->OPEN->CLOSED,LOSS,,,
SOL,SHORT,ensemble,TP1,203.44,201.26,204.83,201.75,199.22,86.38,2.0,2.0,73.2,3.13,-1.9,,WIN,,,
SOL,SHORT,ensemble,TP2,203.44,198.37,204.83,201.75,199.22,35.48,0.35,2.0,73.2,7.28,0.0,IDLE->OPEN->TP1_HIT->TRAILING->CLOSED,WIN,,,
SOL,SHORT,ensemble,TP1,198.5,194.66,200.67,195.87,193.24,124.68,1.58,2.0,73.5,3.54,-1.9,,WIN,,,
SOL,SHORT,ensemble,TRAILING_STOP,198.5,199.41,200.67,195.87,193.24,-9.84,0.54,2.0,73.5,0.84,0.0,IDLE->OPEN->TP1_HIT->TRAILING->CLOSED,LOSS,,,
SOL,SHORT,ensemble,SL,194.41,196.98,196.87,191.44,188.47,-106.13,1.6,2.54,80.8,2.66,0.0,IDLE->OPEN->CLOSED,LOSS,,,
SOL,LONG,ensemble,SL,222.07,219.71,221.13,223.21,224.91,-165.29,2.94,2.62,78.1,6.6,0.0,IDLE->OPEN->CLOSED,LOSS,,,
SOL,LONG,ensemble,SL,224.94,222.81,223.76,226.38,228.52,-171.98,4.41,2.04,75.2,3.68,0.0,IDLE->OPEN->CLOSED,LOSS,,,
SOL,LONG,ensemble,TP1,227.98,229.65,226.65,229.6,232.02,55.54,1.91,2.0,71.1,2.5,-1.9,,WIN,,,
SOL,LONG,ensemble,TP2,227.98,232.18,226.65,229.6,232.02,24.67,0.34,2.0,71.1,6.3,0.0,IDLE->OPEN->TP1_HIT->TRAILING->CLOSED,WIN,,,
SOL,LONG,ensemble,SL,230.94,229.66,229.76,232.35,234.48,-74.35,4.24,1.58,67.9,1.72,0.0,IDLE->OPEN->CLOSED,LOSS,,,
SOL,LONG,ensemble,SL,233.24,230.23,231.66,235.15,238.03,-137.74,2.43,2.17,75.9,4.13,0.0,IDLE->OPEN->CLOSED,LOSS,,,
SOL,LONG,ensemble,SL,232.51,230.76,231.29,233.98,236.18,-74.98,2.43,2.04,75.2,2.94,0.0,IDLE->OPEN->CLOSED,LOSS,,,
SOL,LONG,ensemble,TP1,234.34,236.46,233.14,235.79,237.96,104.88,2.92,2.0,71.5,3.55,-1.9,,WIN,,,
SOL,LONG,ensemble,TRAILING_STOP,234.34,235.36,233.14,235.79,237.96,8.9,0.51,2.0,71.5,1.71,0.0,IDLE->OPEN->TP1_HIT->TRAILING->CLOSED,WIN,,,
SOL,LONG,ensemble,SL,234.23,230.53,233.05,235.66,237.8,-223.89,3.49,2.0,73.2,6.28,0.0,IDLE->OPEN->CLOSED,LOSS,,,
SOL,SHORT,ensemble,TP1,228.0,225.47,229.17,226.57,224.43,104.48,3.44,1.36,66.8,2.91,-1.9,,WIN,,,
SOL,SHORT,ensemble,TP2,228.0,223.95,229.17,226.57,224.43,18.59,0.38,1.36,66.8,4.66,0.0,IDLE->OPEN->TP1_HIT->TRAILING->CLOSED,WIN,,,
SOL,SHORT,ensemble,SL,218.31,220.53,219.74,216.58,213.98,-95.22,2.57,1.84,69.2,2.86,0.0,IDLE->OPEN->CLOSED,LOSS,,,
SOL,SHORT,ensemble,SL,217.44,220.36,219.03,215.52,212.63,-65.33,1.23,2.0,71.7,3.68,0.0,IDLE->OPEN->CLOSED,LOSS,,,
SOL,SHORT,ensemble,TP1,211.22,207.53,212.82,209.29,206.38,117.47,1.65,2.0,71.6,4.62,-1.9,,WIN,,,
SOL,SHORT,ensemble,TP2,211.22,205.38,212.82,209.29,206.38,20.69,0.18,2.0,71.6,7.31,0.0,IDLE->OPEN->TP1_HIT->TRAILING->CLOSED,WIN,,,
SOL,SHORT,ensemble,TP1,187.44,177.32,195.44,178.48,169.53,91.04,0.4,2.0,73.5,2.53,-1.9,,WIN,,,
SOL,SHORT,ensemble,TRAILING_STOP,187.44,179.79,195.44,178.48,169.53,22.94,0.13,2.0,73.5,1.91,0.0,IDLE->OPEN->TP1_HIT->TRAILING->CLOSED,WIN,,,
SOL,SHORT,ensemble,TP1,193.87,187.44,195.93,191.38,188.89,259.86,2.28,1.66,68.3,5.2,-1.9,,WIN,,,
SOL,SHORT,ensemble,TP2,193.87,187.44,195.93,191.38,188.89,28.96,0.25,1.66,68.3,5.2,0.0,IDLE->OPEN->TP1_HIT->TRAILING->CLOSED,WIN,,,
SOL,SHORT,ensemble,TP1,184.87,180.29,187.6,181.56,178.25,114.08,0.86,2.62,82.4,4.39,-1.9,,WIN,,,
SOL,SHORT,ensemble,TP2,184.87,177.65,187.6,181.56,178.25,59.89,0.28,2.62,82.4,6.92,0.0,IDLE->OPEN->TP1_HIT->TRAILING->CLOSED,WIN,,,
SOL,SHORT,ensemble,SL,181.8,184.48,184.0,179.13,176.46,-111.67,2.43,1.58,67.9,1.92,0.0,IDLE->OPEN->CLOSED,LOSS,,,
SOL,SHORT,ensemble,SL,184.99,186.28,185.93,183.85,182.14,-106.0,3.82,2.0,70.5,2.75,0.0,IDLE->OPEN->CLOSED,LOSS,,,
SOL,SHORT,ensemble,TP1,185.07,181.55,187.28,182.38,179.7,141.17,1.82,2.0,73.0,3.17,-1.9,,WIN,,,
SOL,SHORT,ensemble,TP2,185.07,178.25,187.28,182.38,179.7,91.21,0.6,2.0,73.0,6.15,0.0,IDLE->OPEN->TP1_HIT->TRAILING->CLOSED,WIN,,,
SOL,LONG,ensemble,SL,194.28,193.19,193.59,195.12,196.37,-84.96,3.77,2.0,71.1,3.15,0.0,IDLE->OPEN->CLOSED,LOSS,,,
SOL,LONG,ensemble,TP1,197.88,199.06,197.2,198.7,199.93,95.02,4.0,2.0,70.9,3.49,-1.9,,WIN,,,
SOL,LONG,ensemble,TRAILING_STOP,197.88,198.62,197.2,198.7,199.93,10.52,0.71,2.0,70.9,2.19,0.0,IDLE->OPEN->TP1_HIT->TRAILING->CLOSED,WIN,,,
SOL,LONG,ensemble,TP1,200.26,203.31,199.35,201.36,203.01,183.37,3.06,2.0,70.8,6.71,-1.9,,WIN,,,
SOL,LONG,ensemble,TP2,200.26,203.31,199.35,201.36,203.01,20.37,0.34,2.0,70.8,6.71,0.0,IDLE->OPEN->TP1_HIT->TRAILING->CLOSED,WIN,,,
SOL,LONG,ensemble,SL,202.58,199.97,201.55,203.83,205.71,-146.53,2.81,2.0,73.2,5.06,0.0,IDLE->OPEN->CLOSED,LOSS,,,
SOL,LONG,ensemble,TP1,199.78,201.35,198.78,201.0,202.83,106.13,3.4,2.0,73.2,3.12,-1.9,,WIN,,,
SOL,LONG,ensemble,TRAILING_STOP,199.78,198.68,198.78,201.0,202.83,-13.13,0.59,2.0,73.2,2.19,0.0,IDLE->OPEN->TP1_HIT->TRAILING->CLOSED,LOSS,,,
SOL,SHORT,ensemble,SL,193.85,196.3,195.79,191.5,189.15,-76.54,1.61,1.91,69.5,2.4,0.0,IDLE->OPEN->CLOSED,LOSS,,,
SOL,SHORT,ensemble,TP1,194.14,187.82,196.49,191.29,188.45,281.41,2.64,1.58,67.9,4.26,-1.9,,WIN,,,
SOL,SHORT,ensemble,TP2,194.14,187.82,196.49,191.29,188.45,31.23,0.29,1.58,67.9,4.26,0.0,IDLE->OPEN->TP1_HIT->TRAILING->CLOSED,WIN,,,
SOL,SHORT,ensemble,TP1,183.72,179.02,185.81,181.18,178.65,113.36,1.17,1.85,69.2,4.14,-1.9,,WIN,,,
SOL,SHORT,ensemble,TRAILING_STOP,183.72,182.21,185.81,181.18,178.65,4.04,0.13,1.85,69.2,1.33,0.0,IDLE->OPEN->TP1_HIT->TRAILING->CLOSED,WIN,,,
SOL,SHORT,ensemble,SL,184.89,188.4,186.08,183.3,180.76,-199.79,1.86,2.88,87.5,8.5,0.0,IDLE->OPEN->CLOSED,LOSS,,,
SOL,SHORT,ensemble,TP1,186.97,185.22,188.25,185.25,182.5,115.69,2.22,2.77,85.4,3.76,-1.9,,WIN,,,
SOL,SHORT,ensemble,TRAILING_STOP,186.97,186.28,188.25,185.25,182.5,11.36,0.56,2.77,85.4,1.48,0.0,IDLE->OPEN->TP1_HIT->TRAILING->CLOSED,WIN,,,
SOL,SHORT,ensemble,TP1,186.07,185.07,186.74,185.17,183.73,97.85,6.16,1.47,67.4,2.18,-1.9,,WIN,,,
SOL,SHORT,ensemble,TRAILING_STOP,186.07,187.69,186.74,185.17,183.73,-39.82,1.56,1.47,67.4,3.55,0.0,IDLE->OPEN->TP1_HIT->TRAILING->CLOSED,LOSS,,,
SOL,SHORT,ensemble,TP1,185.97,185.04,186.7,185.08,183.76,86.38,4.31,2.0,73.7,2.54,-1.9,,WIN,,,
SOL,SHORT,ensemble,TP2,185.97,183.69,186.7,185.08,183.76,37.43,0.75,2.0,73.7,6.25,0.0,IDLE->OPEN->TP1_HIT->TRAILING->CLOSED,WIN,,,
SOL,SHORT,ensemble,SL,183.88,185.41,184.65,182.95,181.56,-176.61,5.34,2.0,74.8,3.99,0.0,IDLE->OPEN->CLOSED,LOSS,,,
SOL,SHORT,ensemble,TP1,183.37,177.43,184.37,182.03,179.9,493.29,2.56,2.88,87.5,17.09,-1.9,,WIN,,,
SOL,SHORT,ensemble,TP2,183.37,177.43,184.37,182.03,179.9,54.68,0.28,2.88,87.5,17.09,0.0,IDLE->OPEN->TP1_HIT->TRAILING->CLOSED,WIN,,,
SOL,SHORT,ensemble,SL,166.47,169.86,169.11,162.95,159.13,-110.12,0.92,3.01,90.1,3.86,0.0,IDLE->OPEN->CLOSED,LOSS,,,
SOL,SHORT,ensemble,TP1,165.78,157.6,168.11,162.95,160.13,429.56,1.52,2.72,78.6,9.56,-1.9,,WIN,,,
SOL,SHORT,ensemble,TP2,165.78,157.6,168.11,162.95,160.13,47.63,0.17,2.72,78.6,9.56,0.0,IDLE->OPEN->TP1_HIT->TRAILING->CLOSED,WIN,,,
SOL,SHORT,ensemble,SL,160.21,164.43,162.32,157.65,155.09,-310.09,3.3,1.83,69.1,3.66,0.0,IDLE->OPEN->CLOSED,LOSS,,,
SOL,SHORT,ensemble,TP1,156.34,153.33,158.77,153.4,150.47,76.13,0.85,2.28,76.4,2.83,-1.9,,WIN,,,
SOL,SHORT,ensemble,TRAILING_STOP,156.34,155.16,158.77,153.4,150.47,9.98,0.29,2.28,76.4,1.11,0.0,IDLE->OPEN->TP1_HIT->TRAILING->CLOSED,WIN,,,
SOL,SHORT,ensemble,SL,155.94,159.35,159.22,151.56,146.82,-126.39,2.01,1.47,67.4,1.53,0.0,IDLE->OPEN->CLOSED,LOSS,,,
SOL,SHORT,ensemble,TP1,159.13,157.42,160.19,157.71,155.44,112.87,2.07,2.51,90.1,4.02,-1.9,,WIN,,,
SOL,SHORT,ensemble,TRAILING_STOP,159.13,160.6,160.19,157.71,155.44,-24.23,0.53,2.51,90.1,3.46,0.0,IDLE->OPEN->TP1_HIT->TRAILING->CLOSED,LOSS,,,
SOL,SHORT,ensemble,TP1,157.08,155.21,158.32,155.59,153.34,118.56,1.81,2.72,78.6,4.12,-1.9,,WIN,,,
SOL,SHORT,ensemble,TRAILING_STOP,157.08,156.65,158.32,155.59,153.34,4.81,0.32,2.72,78.6,0.95,0.0,IDLE->OPEN->TP1_HIT->TRAILING->CLOSED,WIN,,,
SOL,SHORT,ensemble,TP1,154.05,151.49,155.17,152.69,150.66,166.44,2.46,2.0,73.8,4.57,-1.9,,WIN,,,
SOL,SHORT,ensemble,TRAILING_STOP,154.05,154.62,155.17,152.69,150.66,-4.08,0.28,2.0,73.8,1.01,0.0,IDLE->OPEN->TP1_HIT->TRAILING->CLOSED,LOSS,,,
SOL,SHORT,ensemble,SL,155.84,157.13,156.59,154.93,153.56,-165.31,4.68,2.15,75.8,3.68,0.0,IDLE->OPEN->CLOSED,LOSS,,,
SOL,SHORT,ensemble,SL,153.66,155.34,154.67,152.44,150.62,-140.76,3.15,2.07,75.3,3.45,0.0,IDLE->OPEN->CLOSED,LOSS,,,
SOL,SHORT,ensemble,TP1,158.38,155.62,159.34,157.22,155.49,230.39,4.11,1.58,67.9,4.57,-1.9,,WIN,,,
SOL,SHORT,ensemble,TP2,158.38,152.69,159.34,157.22,155.49,52.86,0.45,1.58,67.9,9.41,0.0,IDLE->OPEN->TP1_HIT->TRAILING->CLOSED,WIN,,,
SOL,SHORT,ensemble,SL,153.62,156.03,155.25,151.66,149.69,-97.1,1.57,2.0,73.1,2.96,0.0,IDLE->OPEN->CLOSED,LOSS,,,
SOL,SHORT,ensemble,SL,153.65,155.17,154.75,152.33,150.35,-143.72,3.39,2.17,75.9,3.02,0.0,IDLE->OPEN->CLOSED,LOSS,,,
SOL,SHORT,ensemble,TP1,145.28,142.67,146.93,143.28,141.28,121.64,1.66,2.0,72.9,3.16,-1.9,,WIN,,,
SOL,SHORT,ensemble,TRAILING_STOP,145.28,144.54,146.93,143.28,141.28,11.47,0.56,2.0,72.9,0.89,0.0,IDLE->OPEN->TP1_HIT->TRAILING->CLOSED,WIN,,,
SOL,SHORT,ensemble,TP1,141.71,138.64,143.87,138.82,135.7,164.07,1.23,3.01,90.1,4.26,-1.9,,WIN,,,
SOL,SHORT,ensemble,TRAILING_STOP,141.71,142.16,143.87,138.82,135.7,-10.34,0.54,3.01,90.1,0.63,0.0,IDLE->OPEN->TP1_HIT->TRAILING->CLOSED,LOSS,,,
SOL,SHORT,ensemble,SL,141.19,143.39,143.22,138.73,136.27,-167.25,3.06,1.78,68.9,1.93,0.0,IDLE->OPEN->CLOSED,LOSS,,,
SOL,SHORT,ensemble,SL,138.85,139.82,139.64,137.9,136.47,-116.95,3.1,2.72,78.6,3.36,0.0,IDLE->OPEN->CLOSED,LOSS,,,
SOL,SHORT,ensemble,TP1,139.81,137.4,140.63,138.72,136.96,208.81,2.07,2.88,87.5,8.46,-1.9,,WIN,,,
SOL,SHORT,ensemble,TP2,139.81,135.63,140.63,138.72,136.96,40.29,0.23,2.88,87.5,14.67,0.0,IDLE->OPEN->TP1_HIT->TRAILING->CLOSED,WIN,,,
SOL,SHORT,ensemble,SL,136.48,139.14,137.55,135.18,133.24,-307.02,4.3,1.87,69.4,4.65,0.0,IDLE->OPEN->CLOSED,LOSS,,,
SOL,SHORT,ensemble,TP1,137.01,131.97,138.06,135.74,133.83,349.44,2.29,2.0,73.1,9.6,-1.9,,WIN,,,
SOL,SHORT,ensemble,TP2,137.01,131.97,138.06,135.74,133.83,38.92,0.25,2.0,73.1,9.6,0.0,IDLE->OPEN->TP1_HIT->TRAILING->CLOSED,WIN,,,
SOL,SHORT,ensemble,TP1,130.75,127.43,132.24,128.96,127.16,386.66,2.52,2.94,79.7,6.6,-1.6,,WIN,,,
SOL,SHORT,ensemble,TP2,130.75,125.44,132.24,128.96,127.16,68.76,0.28,2.94,79.7,10.54,0.0,IDLE->OPEN->TP1_HIT->TRAILING->CLOSED,WIN,,,
SOL,SHORT,ensemble,SL,126.99,129.1,129.07,124.46,121.93,-112.93,1.72,2.0,73.7,2.02,0.0,IDLE->OPEN->CLOSED,LOSS,,,
SOL,SHORT,ensemble,TP1,128.71,125.4,131.01,125.64,122.32,135.22,1.74,1.47,67.4,2.12,-1.6,,WIN,,,
SOL,SHORT,ensemble,TRAILING_STOP,128.71,128.6,131.01,125.64,122.32,1.86,0.76,1.47,67.4,0.07,0.0,IDLE->OPEN->TP1_HIT->TRAILING->CLOSED,WIN,,,
SOL,SHORT,ensemble,SL,127.01,129.39,129.1,124.21,121.19,-205.04,1.93,2.88,87.5,3.27,0.0,IDLE->OPEN->CLOSED,LOSS,,,
SOL,LONG,ensemble,SL,138.99,137.89,137.98,140.22,142.06,-58.1,3.29,1.11,65.5,1.2,0.0,IDLE->OPEN->CLOSED,LOSS,,,
SOL,LONG,ensemble,SL,144.57,142.84,143.59,145.76,147.55,-157.13,3.24,2.0,72.1,3.53,0.0,IDLE->OPEN->CLOSED,LOSS,,,
SOL,LONG,ensemble,SL,143.94,142.49,143.07,144.99,146.57,-178.81,7.52,1.17,65.8,1.95,0.0,IDLE->OPEN->CLOSED,LOSS,,,
SOL,LONG,ensemble,SL,141.66,140.89,141.05,142.41,143.52,-79.08,3.79,1.91,69.5,2.39,0.0,IDLE->OPEN->CLOSED,LOSS,,,
SOL,SHORT,ensemble,TP1,137.04,135.61,137.97,135.92,134.24,116.72,2.36,2.34,76.7,3.62,-1.6,,WIN,,,
SOL,SHORT,ensemble,TRAILING_STOP,137.04,136.74,137.97,135.92,134.24,4.34,0.42,2.34,76.7,0.76,0.0,IDLE->OPEN->TP1_HIT->TRAILING->CLOSED,WIN,,,
SOL,SHORT,ensemble,TP1,133.36,127.48,134.1,132.47,131.13,633.57,3.08,2.23,76.1,17.8,-1.6,,WIN,,,
SOL,SHORT,ensemble,TP2,133.36,127.48,134.1,132.47,131.13,70.37,0.34,2.23,76.1,17.8,0.0,IDLE->OPEN->TP1_HIT->TRAILING->CLOSED,WIN,,,
SOL,SHORT,ensemble,TP1,125.99,125.02,126.58,125.27,124.2,163.07,5.27,2.0,73.4,3.28,-1.6,,WIN,,,
SOL,SHORT,ensemble,TP2,125.99,123.49,126.58,125.27,124.2,74.36,0.92,2.0,73.4,8.48,0.0,IDLE->OPEN->TP1_HIT->TRAILING->CLOSED,WIN,,,
SOL,SHORT,ensemble,SL,126.61,127.63,127.35,125.7,124.34,-156.73,5.15,1.9,69.5,2.6,0.0,IDLE->OPEN->CLOSED,LOSS,,,
SOL,LONG,ensemble,SL,142.29,141.19,141.35,143.43,145.15,-78.98,2.58,1.97,69.8,2.3,0.0,IDLE->OPEN->CLOSED,LOSS,,,
SOL,LONG,ensemble,TP1,141.7,145.46,140.93,142.64,144.05,489.95,4.74,2.0,73.6,9.7,-1.6,,WIN,,,
SOL,LONG,ensemble,TP2,141.7,145.46,140.93,142.64,144.05,54.51,0.53,2.0,73.6,9.7,0.0,IDLE->OPEN->TP1_HIT->TRAILING->CLOSED,WIN,,,
SOL,LONG,ensemble,SL,145.6,144.09,144.48,146.96,149.0,-205.68,4.9,2.0,70.3,2.7,0.0,IDLE->OPEN->CLOSED,LOSS,,,
SOL,LONG,ensemble,SL,143.25,142.07,142.52,144.14,145.48,-173.16,6.59,1.58,67.9,2.54,0.0,IDLE->OPEN->CLOSED,LOSS,,,
SOL,SHORT,ensemble,TP1,134.9,132.1,135.7,133.94,132.5,272.51,3.21,2.0,72.7,7.06,-1.6,,WIN,,,
SOL,SHORT,ensemble,TP2,134.9,132.1,135.7,133.94,132.5,30.33,0.36,2.0,72.7,7.06,0.0,IDLE->OPEN->TP1_HIT->TRAILING->CLOSED,WIN,,,
SOL,SHORT,ensemble,SL,132.03,133.2,132.45,131.52,130.76,-375.76,12.77,1.68,68.4,4.66,0.0,IDLE->OPEN->CLOSED,LOSS,,,
SOL,SHORT,ensemble,SL,131.46,133.29,132.86,129.77,128.07,-128.08,2.27,2.06,75.3,2.69,0.0,IDLE->OPEN->CLOSED,LOSS,,,
SOL,SHORT,ensemble,SL,131.94,133.12,132.73,130.99,129.56,-162.57,4.46,2.06,75.3,3.08,0.0,IDLE->OPEN->CLOSED,LOSS,,,
SOL,LONG,ensemble,SL,142.49,140.06,141.53,143.66,145.42,-229.19,3.3,2.0,70.1,5.03,0.0,IDLE->OPEN->CLOSED,LOSS,,,
SOL,LONG,ensemble,SL,139.2,137.89,138.24,140.36,142.1,-151.62,3.99,2.0,70.4,2.73,0.0,IDLE->OPEN->CLOSED,LOSS,,,
SOL,SHORT,ensemble,TP1,131.35,130.62,131.77,130.84,130.08,100.42,3.5,2.55,81.0,4.46,-1.6,,WIN,,,
SOL,SHORT,ensemble,TP2,131.35,129.94,131.77,130.84,130.08,34.14,0.61,2.55,81.0,8.59,0.0,IDLE->OPEN->TP1_HIT->TRAILING->CLOSED,WIN,,,
SOL,SHORT,ensemble,SL,129.22,130.07,129.85,128.45,127.3,-140.22,5.33,2.0,72.4,2.71,0.0,IDLE->OPEN->CLOSED,LOSS,,,
SOL,SHORT,ensemble,TP1,126.76,124.87,127.58,125.76,124.26,175.91,2.91,2.0,72.7,4.59,-1.6,,WIN,,,
SOL,SHORT,ensemble,TRAILING_STOP,126.76,126.32,127.58,125.76,124.26,4.53,0.33,2.0,72.7,1.06,0.0,IDLE->OPEN->TP1_HIT->TRAILING->CLOSED,WIN,,,
SOL,SHORT,ensemble,SL,126.01,127.28,127.03,124.64,122.45,-167.55,2.91,2.88,87.5,3.57,0.0,IDLE->OPEN->CLOSED,LOSS,,,
SOL,SHORT,ensemble,SL,127.16,128.34,128.1,126.01,124.3,-123.92,3.36,2.0,73.2,2.51,0.0,IDLE->OPEN->CLOSED,LOSS,,,
SOL,SHORT,ensemble,SL,126.64,127.56,127.19,125.97,124.97,-149.53,4.45,2.32,76.6,3.9,0.0,IDLE->OPEN->CLOSED,LOSS,,,
SOL,SHORT,ensemble,TP1,124.81,122.0,126.31,122.8,120.63,160.31,1.39,2.51,90.1,4.67,-1.6,,WIN,,,
SOL,SHORT,ensemble,TRAILING_STOP,124.81,123.46,126.31,122.8,120.63,33.02,0.6,2.51,90.1,2.24,0.0,IDLE->OPEN->TP1_HIT->TRAILING->CLOSED,WIN,,,
SOL,SHORT,ensemble,TP1,122.85,117.5,123.88,121.47,119.25,491.63,1.97,2.74,84.9,14.18,-1.6,,WIN,,,
SOL,SHORT,ensemble,TP2,122.85,117.5,123.88,121.47,119.25,54.59,0.22,2.74,84.9,14.18,0.0,IDLE->OPEN->TP1_HIT->TRAILING->CLOSED,WIN,,,
SOL,SHORT,ensemble,SL,118.31,121.5,119.94,116.33,114.35,-337.4,3.21,2.0,74.2,3.91,0.0,IDLE->OPEN->CLOSED,LOSS,,,
SOL,SHORT,ensemble,SL,124.31,125.02,124.75,123.77,122.97,-125.24,5.44,2.02,75.1,3.27,0.0,IDLE->OPEN->CLOSED,LOSS,,,
SOL,SHORT,ensemble,SL,124.75,125.75,125.28,124.11,123.14,-185.92,6.15,1.9,69.5,3.59,0.0,IDLE->OPEN->CLOSED,LOSS,,,
SOL,SHORT,ensemble,TP1,123.87,123.04,124.53,123.07,121.87,109.99,3.59,2.28,76.4,2.85,-1.6,,WIN,,,
SOL,SHORT,ensemble,TP2,123.87,121.57,124.53,123.07,121.87,53.84,0.63,2.28,76.4,7.92,0.0,IDLE->OPEN->TP1_HIT->TRAILING->CLOSED,WIN,,,
SOL,SHORT,ensemble,SL,121.39,122.72,121.87,120.81,119.93,-274.72,6.33,2.0,72.7,5.52,0.0,IDLE->OPEN->CLOSED,LOSS,,,
SOL,SHORT,ensemble,SL,122.1,122.74,122.54,121.57,120.77,-145.84,6.13,2.28,76.4,3.34,0.0,IDLE->OPEN->CLOSED,LOSS,,,
SOL,SHORT,ensemble,SL,119.97,120.78,120.5,119.32,118.36,-136.89,3.65,2.79,79.0,4.25,0.0,IDLE->OPEN->CLOSED,LOSS,,,
SOL,LONG,ensemble,SL,126.3,125.77,125.89,126.85,127.72,-144.9,6.22,2.75,85.0,3.59,0.0,IDLE->OPEN->CLOSED,LOSS,,,
SOL,LONG,ensemble,SL,129.37,128.89,128.89,129.94,130.8,-49.71,3.26,2.07,75.3,2.08,0.0,IDLE->OPEN->CLOSED,LOSS,,,
SOL,LONG,ensemble,TP1,130.94,131.86,130.25,131.77,133.02,84.73,2.92,2.07,75.3,2.79,-1.6,,WIN,,,
SOL,LONG,ensemble,TRAILING_STOP,130.94,131.84,130.25,131.77,133.02,14.63,0.52,2.07,75.3,2.73,0.0,IDLE->OPEN->TP1_HIT->TRAILING->CLOSED,WIN,,,
SOL,LONG,ensemble,SL,134.68,134.17,134.2,135.26,136.12,-88.9,5.88,2.0,73.2,2.12,0.0,IDLE->OPEN->CLOSED,LOSS,,,
SOL,LONG,ensemble,TP1,135.52,136.66,135.03,136.11,136.99,137.93,4.13,2.0,73.2,4.7,-1.6,,WIN,,,
SOL,LONG,ensemble,TRAILING_STOP,135.52,135.63,135.03,136.11,136.99,1.5,0.46,2.0,73.2,0.46,0.0,IDLE->OPEN->TP1_HIT->TRAILING->CLOSED,WIN,,,
SOL,LONG,ensemble,SL,136.18,135.37,135.51,136.99,138.21,-105.3,4.65,1.9,69.5,2.29,0.0,IDLE->OPEN->CLOSED,LOSS,,,
SOL,LONG,ensemble,TP1,137.83,139.5,137.04,138.79,140.22,108.61,1.99,2.28,76.4,4.82,-1.6,,WIN,,,
SOL,LONG,ensemble,TRAILING_STOP,137.83,137.54,137.04,138.79,140.22,-3.32,0.35,2.28,76.4,0.83,0.0,IDLE->OPEN->TP1_HIT->TRAILING->CLOSED,LOSS,,,
SOL,LONG,ensemble,TP1,139.52,141.98,138.92,140.25,141.34,269.03,3.88,2.0,73.2,8.21,-1.6,,WIN,,,
SOL,LONG,ensemble,TP2,139.52,141.98,138.92,140.25,141.34,29.86,0.43,2.0,73.2,8.21,0.0,IDLE->OPEN->TP1_HIT->TRAILING->CLOSED,WIN,,,
SOL,LONG,ensemble,SL,140.29,138.9,139.3,141.49,143.28,-93.05,2.32,2.0,73.2,2.82,0.0,IDLE->OPEN->CLOSED,LOSS,,,
SOL,LONG,ensemble,SL,139.41,136.87,138.65,140.43,142.05,-389.1,3.78,2.77,85.4,9.25,0.0,IDLE->OPEN->CLOSED,LOSS,,,
SOL,LONG,ensemble,SL,139.72,138.89,138.93,140.68,142.12,-67.03,2.8,2.0,72.6,2.09,0.0,IDLE->OPEN->CLOSED,LOSS,,,
SOL,LONG,ensemble,SL,140.74,139.54,139.98,141.66,143.03,-167.21,4.86,2.0,71.7,3.17,0.0,IDLE->OPEN->CLOSED,LOSS,,,
SOL,LONG,ensemble,SL,140.04,138.45,139.13,141.14,142.79,-100.97,2.2,2.0,73.2,3.5,0.0,IDLE->OPEN->CLOSED,LOSS,,,
SOL,LONG,ensemble,TP1,138.42,139.91,138.06,138.86,139.51,249.09,5.48,2.13,75.7,8.78,-1.6,,WIN,,,
SOL,LONG,ensemble,TP2,138.42,139.91,138.06,138.86,139.51,27.66,0.61,2.13,75.7,8.78,0.0,IDLE->OPEN->TP1_HIT->TRAILING->CLOSED,WIN,,,
SOL,LONG,ensemble,TP1,139.75,141.28,139.06,140.59,141.84,190.48,4.11,2.14,75.7,4.73,-1.6,,WIN,,,
SOL,LONG,ensemble,TP2,139.75,142.35,139.06,140.59,141.84,35.97,0.46,2.14,75.7,8.04,0.0,IDLE->OPEN->TP1_HIT->TRAILING->CLOSED,WIN,,,
SOL,LONG,ensemble,SL,142.62,141.12,141.78,143.74,145.54,-114.67,1.87,2.88,87.5,5.15,0.0,IDLE->OPEN->CLOSED,LOSS,,,
SOL,LONG,ensemble,TP1,141.72,143.49,141.1,142.47,143.59,191.69,3.61,2.15,75.8,6.16,-1.6,,WIN,,,
SOL,LONG,ensemble,TRAILING_STOP,141.72,142.91,141.1,142.47,143.59,14.3,0.4,2.15,75.8,4.14,0.0,IDLE->OPEN->TP1_HIT->TRAILING->CLOSED,WIN,,,
SOL,LONG,ensemble,TP1,143.47,146.96,142.71,144.4,145.78,370.98,3.91,2.0,74.8,9.14,-1.6,,WIN,,,
SOL,LONG,ensemble,TP2,143.47,146.96,142.71,144.4,145.78,41.23,0.43,2.0,74.8,9.14,0.0,IDLE->OPEN->TP1_HIT->TRAILING->CLOSED,WIN,,,
SOL,LONG,ensemble,SL,145.54,144.39,144.56,146.74,148.53,-137.64,4.64,1.86,69.3,2.17,0.0,IDLE->OPEN->CLOSED,LOSS,,,
SOL,LONG,ensemble,SL,145.51,143.65,144.63,146.69,148.58,-255.87,3.43,2.88,87.5,6.06,0.0,IDLE->OPEN->CLOSED,LOSS,,,
SOL,LONG,ensemble,SL,147.19,146.0,146.52,148.01,149.24,-152.13,3.42,2.72,78.6,4.81,0.0,IDLE->OPEN->CLOSED,LOSS,,,
SOL,LONG,ensemble,SL,147.08,146.1,146.3,148.03,149.44,-110.54,4.1,2.0,74.8,2.52,0.0,IDLE->OPEN->CLOSED,LOSS,,,
SOL,LONG,ensemble,SL,145.12,144.04,144.39,146.1,147.67,-161.36,3.73,2.88,87.5,4.25,0.0,IDLE->OPEN->CLOSED,LOSS,,,
SOL,SHORT,ensemble,SL,132.81,133.38,133.15,132.4,131.78,-94.04,9.36,1.18,65.9,1.98,0.0,IDLE->OPEN->CLOSED,LOSS,,,
SOL,SHORT,ensemble,TP1,133.28,131.12,133.74,132.73,131.9,339.63,5.15,2.0,73.2,9.47,-1.6,,WIN,,,
SOL,SHORT,ensemble,TP2,133.28,131.12,133.74,132.73,131.9,37.72,0.57,2.0,73.2,9.47,0.0,IDLE->OPEN->TP1_HIT->TRAILING->CLOSED,WIN,,,
SOL,SHORT,ensemble,SL,126.98,127.8,127.66,126.14,124.89,-79.55,2.98,2.07,75.3,2.48,0.0,IDLE->OPEN->CLOSED,LOSS,,,
SOL,SHORT,ensemble,SL,127.04,127.7,127.59,126.36,125.34,-100.17,4.82,2.0,73.2,2.38,0.0,IDLE->OPEN->CLOSED,LOSS,,,
SOL,SHORT,ensemble,SL,125.46,126.89,126.17,124.59,123.28,-141.32,3.13,2.0,73.2,4.0,0.0,IDLE->OPEN->CLOSED,LOSS,,,
SOL,SHORT,ensemble,TP1,129.22,127.83,129.62,128.75,128.04,260.18,5.77,2.07,75.3,7.37,-1.6,,WIN,,,
SOL,SHORT,ensemble,TP2,129.22,127.83,129.62,128.75,128.04,28.92,0.64,2.07,75.3,7.37,0.0,IDLE->OPEN->TP1_HIT->TRAILING->CLOSED,WIN,,,
SOL,SHORT,ensemble,TP1,120.17,117.59,120.65,119.59,118.72,354.55,3.91,2.07,75.3,11.18,-1.6,,WIN,,,
SOL,SHORT,ensemble,TP2,120.17,117.59,120.65,119.59,118.72,39.41,0.43,2.07,75.3,11.18,0.0,IDLE->OPEN->TP1_HIT->TRAILING->CLOSED,WIN,,,
SOL,SHORT,ensemble,SL,115.06,117.02,116.32,113.54,112.02,-181.75,2.63,2.07,75.3,3.23,0.0,IDLE->OPEN->CLOSED,LOSS,,,
SOL,SHORT,ensemble,SL,115.48,116.24,116.07,114.77,113.7,-61.15,2.27,2.06,75.3,2.66,0.0,IDLE->OPEN->CLOSED,LOSS,,,
SOL,SHORT,ensemble,TP1,114.03,109.03,114.62,113.31,112.24,417.55,2.27,2.0,72.7,16.9,-1.6,,WIN,,,
SOL,SHORT,ensemble,TP2,114.03,109.03,114.62,113.31,112.24,46.43,0.25,2.0,72.7,16.9,0.0,IDLE->OPEN->TP1_HIT->TRAILING->CLOSED,WIN,,,
SOL,SHORT,ensemble,SL,101.7,104.01,103.57,99.43,97.17,-127.61,1.44,2.0,72.9,2.47,0.0,IDLE->OPEN->CLOSED,LOSS,,,
SOL,SHORT,ensemble,SL,103.63,104.96,104.4,102.69,101.3,-158.06,3.11,2.0,73.2,3.46,0.0,IDLE->OPEN->CLOSED,LOSS,,,
SOL,SHORT,ensemble,TP1,101.47,98.25,102.77,99.9,98.33,261.18,1.99,2.0,73.2,4.97,-1.6,,WIN,,,
SOL,SHORT,ensemble,TP2,101.47,98.25,102.77,99.9,98.33,29.0,0.22,2.0,73.2,4.97,0.0,IDLE->OPEN->TP1_HIT->TRAILING->CLOSED,WIN,,,
SOL,SHORT,ensemble,TP1,104.03,102.35,104.68,103.24,102.06,221.86,3.57,1.9,69.5,4.91,-1.6,,WIN,,,
SOL,SHORT,ensemble,TRAILING_STOP,104.03,104.07,104.68,103.24,102.06,-0.62,0.4,1.9,69.5,0.12,0.0,IDLE->OPEN->TP1_HIT->TRAILING->CLOSED,LOSS,,,
SOL,SHORT,ensemble,TP1,102.97,100.77,103.59,102.21,101.07,294.58,3.38,2.0,74.1,7.01,-0.4,,WIN,,,
SOL,SHORT,ensemble,TP2,102.97,100.77,103.59,102.21,101.07,32.71,0.37,2.0,74.1,7.01,0.0,IDLE->OPEN->TP1_HIT->TRAILING->CLOSED,WIN,,,
SOL,SHORT,ensemble,SL,96.72,98.92,97.73,95.5,94.28,-244.73,2.75,2.0,73.1,4.37,0.0,IDLE->OPEN->CLOSED,LOSS,,,
SOL,SHORT,ensemble,TP1,97.8,96.04,99.26,96.04,94.28,143.17,2.08,1.88,69.4,2.28,-0.4,,WIN,,,
SOL,SHORT,ensemble,TP2,97.8,93.03,99.26,96.04,94.28,129.26,0.67,1.88,69.4,6.17,0.0,IDLE->OPEN->TP1_HIT->TRAILING->CLOSED,WIN,,,
SOL,SHORT,ensemble,TP1,91.23,89.44,92.5,89.68,88.13,104.58,1.31,2.0,73.9,2.79,-0.0,,WIN,,,
SOL,SHORT,ensemble,TP2,91.23,84.53,92.5,89.68,88.13,222.98,0.7,2.0,73.9,10.46,0.4,IDLE->OPEN->TP1_HIT->TRAILING->CLOSED,WIN,,,
SOL,SHORT,ensemble,TP1,81.55,78.73,83.13,79.64,77.73,160.06,1.12,2.0,74.1,3.58,-0.0,,WIN,,,
SOL,SHORT,ensemble,TP2,81.55,75.42,83.13,79.64,77.73,115.94,0.36,2.0,74.1,7.76,0.0,IDLE->OPEN->TP1_HIT->TRAILING->CLOSED,WIN,,,
SOL,SHORT,ensemble,SL,85.24,86.5,86.27,83.99,82.75,-117.61,2.01,2.0,74.3,2.46,0.0,IDLE->OPEN->CLOSED,LOSS,,,
SOL,SHORT,ensemble,SL,83.38,84.92,84.25,82.33,81.28,-234.52,2.65,2.44,77.2,4.34,0.0,IDLE->OPEN->CLOSED,LOSS,,,
SOL,SHORT,ensemble,TP1,85.85,84.55,86.48,85.08,83.92,227.2,3.7,2.0,72.8,4.08,-0.0,,WIN,,,
SOL,SHORT,ensemble,TP2,85.85,83.79,86.48,85.08,83.92,63.75,0.65,2.0,72.8,6.49,0.0,IDLE->OPEN->TP1_HIT->TRAILING->CLOSED,WIN,,,
SOL,SHORT,ensemble,SL,83.0,83.73,83.58,82.3,81.25,-129.23,3.02,2.44,77.2,3.1,0.0,IDLE->OPEN->CLOSED,LOSS,,,
SOL,SHORT,ensemble,TP1,81.79,80.79,82.34,81.13,80.14,110.29,2.23,2.0,74.7,3.66,-0.0,,WIN,,,
SOL,SHORT,ensemble,TRAILING_STOP,81.79,81.6,82.34,81.13,80.14,3.72,0.4,2.0,74.7,0.7,0.0,IDLE->OPEN->TP1_HIT->TRAILING->CLOSED,WIN,,,
SOL,SHORT,ensemble,SL,79.22,80.36,80.19,77.92,76.51,-220.57,2.68,2.88,87.5,3.39,0.0,IDLE->OPEN->CLOSED,LOSS,,,
SOL,SHORT,ensemble,TP1,77.8,76.86,78.35,77.14,76.15,137.67,2.81,2.0,75.0,3.45,-0.0,,WIN,,,
SOL,SHORT,ensemble,TRAILING_STOP,77.8,78.03,78.35,77.14,76.15,-5.96,0.5,2.0,75.0,0.85,0.0,IDLE->OPEN->TP1_HIT->TRAILING->CLOSED,LOSS,,,
SOL,SHORT,ensemble,TP1,83.96,83.14,84.51,83.28,82.27,91.49,1.66,2.81,86.3,4.11,-0.0,,WIN,,,
SOL,SHORT,ensemble,TRAILING_STOP,83.96,83.92,84.51,83.28,82.27,0.74,0.3,2.81,86.3,0.19,0.0,IDLE->OPEN->TP1_HIT->TRAILING->CLOSED,WIN,,,
SOL,SHORT,ensemble,TP1,84.53,83.19,85.01,83.95,83.07,185.76,2.89,2.0,73.3,5.58,-0.0,,WIN,,,
SOL,SHORT,ensemble,TRAILING_STOP,84.53,83.75,85.01,83.95,83.07,12.11,0.32,2.0,73.3,3.27,0.0,IDLE->OPEN->TP1_HIT->TRAILING->CLOSED,WIN,,,
SOL,SHORT,ensemble,SL,84.16,85.28,84.74,83.47,82.43,-227.7,4.58,1.9,69.5,3.7,0.0,IDLE->OPEN->CLOSED,LOSS,,,
BTC,SHORT,ensemble,SL,108124.9,108689.0,108549.6,107352.7,106323.2,-37.83,1.82,2.0,71.1,2.66,0.0,IDLE->OPEN->CLOSED,LOSS,,,
BTC,SHORT,ensemble,SL,107323.3,108358.0,107756.8,106535.2,105484.4,-80.6,2.11,2.0,71.1,4.77,0.0,IDLE->OPEN->CLOSED,LOSS,,,
BTC,SHORT,ensemble,SL,108759.6,109020.0,108919.7,108468.4,108080.2,-34.77,3.64,2.0,73.2,3.25,0.0,IDLE->OPEN->CLOSED,LOSS,,,
BTC,SHORT,ensemble,TP1,108173.9,107626.0,108370.1,107817.1,107341.4,43.43,2.13,2.0,73.2,5.59,-18.2,,WIN,,,
BTC,SHORT,ensemble,TRAILING_STOP,108173.9,107871.0,108370.1,107817.1,107341.4,4.23,0.38,2.0,73.2,3.09,0.0,IDLE->OPEN->TP1_HIT->TRAILING->CLOSED,WIN,,,
BTC,SHORT,ensemble,SL,107698.1,108410.0,108040.9,107074.8,106243.7,-49.84,1.39,2.72,78.6,5.65,0.0,IDLE->OPEN->CLOSED,LOSS,,,
BTC,LONG,ensemble,SL,111378.7,110794.0,110964.8,112131.1,113134.3,-39.12,1.85,2.0,71.1,2.83,0.0,IDLE->OPEN->CLOSED,LOSS,,,
BTC,LONG,ensemble,SL,111449.7,110989.0,111011.6,112246.2,113308.3,-34.14,2.06,2.0,71.1,2.1,0.0,IDLE->OPEN->CLOSED,LOSS,,,
BTC,LONG,ensemble,SL,113260.6,110599.0,112956.8,113813.0,114549.6,-228.24,2.29,2.07,75.3,18.11,0.0,IDLE->OPEN->CLOSED,LOSS,,,
BTC,LONG,ensemble,SL,111157.6,110785.0,111012.2,111421.8,111774.2,-74.37,5.53,2.0,74.2,5.13,0.0,IDLE->OPEN->CLOSED,LOSS,,,
BTC,LONG,ensemble,TP1,111270.6,111645.0,111076.8,111623.1,112093.0,43.86,3.01,2.17,75.9,4.19,-15.6,,WIN,,,
BTC,LONG,ensemble,TP2,111270.6,112101.0,111076.8,111623.1,112093.0,17.18,0.53,2.17,75.9,9.3,0.0,IDLE->OPEN->TP1_HIT->TRAILING->CLOSED,WIN,,,
BTC,LONG,ensemble,SL,112656.3,112342.0,112418.9,113088.0,113663.5,-37.03,3.2,2.07,75.3,2.74,0.0,IDLE->OPEN->CLOSED,LOSS,,,
BTC,LONG,ensemble,SL,112259.1,111629.0,112031.0,112673.8,113226.6,-81.16,3.79,1.9,69.5,5.24,0.0,IDLE->OPEN->CLOSED,LOSS,,,
BTC,LONG,ensemble,TP1,112081.0,112999.0,111857.8,112486.8,113027.9,77.02,2.37,2.0,73.2,8.23,-15.6,,WIN,,,
BTC,LONG,ensemble,TRAILING_STOP,112081.0,112732.0,111857.8,112486.8,113027.9,6.08,0.26,2.0,73.2,5.83,0.0,IDLE->OPEN->TP1_HIT->TRAILING->CLOSED,WIN,,,
BTC,LONG,ensemble,TP1,112438.2,113400.0,112213.7,112846.4,113390.7,77.37,2.17,2.1,75.5,9.01,-15.6,,WIN,,,
BTC,LONG,ensemble,TP2,112438.2,113400.0,112213.7,112846.4,113390.7,8.58,0.24,2.1,75.5,9.01,0.0,IDLE->OPEN->TP1_HIT->TRAILING->CLOSED,WIN,,,
BTC,LONG,ensemble,TP1,114011.0,114601.0,113759.8,114467.6,115076.4,61.02,2.96,2.0,71.5,4.7,-15.6,,WIN,,,
BTC,LONG,ensemble,TRAILING_STOP,114011.0,114167.0,113759.8,114467.6,115076.4,2.85,0.52,2.0,71.5,1.24,0.0,IDLE->OPEN->TP1_HIT->TRAILING->CLOSED,WIN,,,
BTC,LONG,ensemble,TP1,114530.2,115106.0,114259.8,115071.1,115844.8,67.3,2.34,2.88,87.5,6.13,-15.6,,WIN,,,
BTC,LONG,ensemble,TP2,114530.2,115859.0,114259.8,115071.1,115844.8,38.81,0.59,2.88,87.5,14.14,0.0,IDLE->OPEN->TP1_HIT->TRAILING->CLOSED,WIN,,,
BTC,LONG,ensemble,TP1,115334.6,115800.0,115111.2,115781.5,116420.8,65.82,2.85,2.88,87.5,5.99,-15.6,,WIN,,,
BTC,LONG,ensemble,TP2,115334.6,116450.0,115111.2,115781.5,116420.8,39.45,0.72,2.88,87.5,14.37,0.0,IDLE->OPEN->TP1_HIT->TRAILING->CLOSED,WIN,,,
BTC,LONG,ensemble,SL,116052.0,115773.0,115854.0,116448.0,117014.4,-55.88,4.03,2.88,87.5,4.05,0.0,IDLE->OPEN->CLOSED,LOSS,,,
BTC,LONG,ensemble,SL,115851.9,115669.0,115681.2,116193.2,116681.5,-25.96,2.85,2.88,87.5,3.08,0.0,IDLE->OPEN->CLOSED,LOSS,,,
BTC,LONG,ensemble,SL,117113.5,116821.0,116887.0,117525.4,118074.6,-27.91,2.7,2.07,75.3,2.67,0.0,IDLE->OPEN->CLOSED,LOSS,,,
BTC,LONG,ensemble,SL,117529.7,117080.0,117274.4,118040.5,118771.1,-65.63,3.41,2.51,90.1,4.41,0.0,IDLE->OPEN->CLOSED,LOSS,,,
BTC,SHORT,ensemble,SL,108723.6,109689.0,109124.8,107994.1,107021.5,-65.35,1.8,2.07,75.3,4.97,0.0,IDLE->OPEN->CLOSED,LOSS,,,
BTC,SHORT,ensemble,SL,109169.4,109628.0,109549.9,108477.6,107555.1,-37.18,2.34,1.9,69.5,2.29,0.0,IDLE->OPEN->CLOSED,LOSS,,,
BTC,SHORT,ensemble,SL,109216.4,109614.0,109544.6,108619.7,107824.0,-35.31,2.43,2.0,73.2,2.42,0.0,IDLE->OPEN->CLOSED,LOSS,,,
BTC,LONG,ensemble,TP1,113257.6,113973.0,113028.1,113674.9,114231.4,81.95,2.37,2.76,78.8,8.6,-15.6,,WIN,,,
BTC,LONG,ensemble,TRAILING_STOP,113257.6,113572.0,113028.1,113674.9,114231.4,4.0,0.26,2.76,78.8,3.78,0.0,IDLE->OPEN->TP1_HIT->TRAILING->CLOSED,WIN,,,
BTC,LONG,ensemble,SL,113435.7,113072.0,113203.4,113858.1,114421.3,-34.31,4.5,1.18,65.9,1.85,0.0,IDLE->OPEN->CLOSED,LOSS,,,
BTC,LONG,ensemble,TP1,114176.1,116103.0,113859.6,114751.5,115518.8,130.3,1.42,2.76,78.8,16.8,-15.6,,WIN,,,
BTC,LONG,ensemble,TP2,114176.1,116103.0,113859.6,114751.5,115518.8,14.51,0.16,2.76,78.8,16.8,0.0,IDLE->OPEN->TP1_HIT->TRAILING->CLOSED,WIN,,,
BTC,LONG,ensemble,TP1,117761.9,118572.0,117465.8,118300.1,119017.9,73.1,2.67,2.0,71.5,5.47,-15.6,,WIN,,,
BTC,LONG,ensemble,TRAILING_STOP,117761.9,118321.0,117465.8,118300.1,119017.9,8.9,0.47,2.0,71.5,3.78,0.0,IDLE->OPEN->TP1_HIT->TRAILING->CLOSED,WIN,,,
BTC,LONG,ensemble,SL,118865.4,118563.0,118613.2,119324.0,119935.5,-36.92,3.81,1.9,69.5,2.28,0.0,IDLE->OPEN->CLOSED,LOSS,,,
BTC,LONG,ensemble,TP1,118820.4,119890.0,118538.2,119384.7,120192.0,104.25,3.97,1.47,67.4,5.58,-15.6,,WIN,,,
BTC,LONG,ensemble,TP2,118820.4,120486.0,118538.2,119384.7,120192.0,18.01,0.44,1.47,67.4,8.7,0.0,IDLE->OPEN->TP1_HIT->TRAILING->CLOSED,WIN,,,
BTC,LONG,ensemble,TP1,120373.2,120934.0,120130.6,120814.2,121402.3,40.32,2.17,2.0,73.2,4.62,-15.6,,WIN,,,
BTC,LONG,ensemble,TP2,120373.2,122321.0,120130.6,120814.2,121402.3,24.7,0.39,2.0,73.2,16.06,0.0,IDLE->OPEN->TP1_HIT->TRAILING->CLOSED,WIN,,,
BTC,LONG,ensemble,SL,122600.3,122014.0,122161.2,123478.3,124734.5,-56.53,2.04,2.88,87.5,3.84,0.0,IDLE->OPEN->CLOSED,LOSS,,,
BTC,LONG,ensemble,SL,121904.9,121643.0,121710.2,122294.4,122851.5,-40.41,6.37,1.47,67.4,1.98,0.0,IDLE->OPEN->CLOSED,LOSS,,,
BTC,LONG,ensemble,TP1,123392.7,124151.0,123020.2,124137.7,125203.5,67.18,1.91,2.88,87.5,5.86,-15.6,,WIN,,,
BTC,LONG,ensemble,TRAILING_STOP,123392.7,123662.0,123020.2,124137.7,125203.5,5.97,0.48,2.88,87.5,2.08,0.0,IDLE->OPEN->TP1_HIT->TRAILING->CLOSED,WIN,,,
BTC,LONG,ensemble,TP1,124111.0,125127.0,123797.6,124680.9,125440.6,94.37,2.91,2.0,74.2,6.48,-15.6,,WIN,,,
BTC,LONG,ensemble,TRAILING_STOP,124111.0,124586.0,123797.6,124680.9,125440.6,4.91,0.32,2.0,74.2,3.03,0.0,IDLE->OPEN->TP1_HIT->TRAILING->CLOSED,WIN,,,
BTC,SHORT,ensemble,SL,110296.8,112237.0,112147.5,106932.0,104015.9,-40.84,0.79,1.49,67.5,1.57,0.0,IDLE->OPEN->CLOSED,LOSS,,,
BTC,SHORT,ensemble,TP1,111755.1,110192.0,112284.5,110696.3,109181.7,101.65,1.25,2.88,87.5,8.5,-15.6,,WIN,,,
BTC,SHORT,ensemble,TRAILING_STOP,111755.1,110852.0,112284.5,110696.3,109181.7,14.68,0.31,2.88,87.5,4.91,0.0,IDLE->OPEN->TP1_HIT->TRAILING->CLOSED,WIN,,,
BTC,SHORT,ensemble,SL,109888.0,110619.0,110298.1,109142.5,108148.3,-54.21,2.05,2.0,71.1,3.56,0.0,IDLE->OPEN->CLOSED,LOSS,,,
BTC,SHORT,ensemble,SL,111197.4,112302.0,111656.2,110279.6,108966.8,-102.02,1.87,2.77,85.4,6.67,0.0,IDLE->OPEN->CLOSED,LOSS,,,
BTC,SHORT,ensemble,TP1,112369.8,111649.0,112738.5,111699.4,110805.5,46.41,1.76,2.05,75.2,4.0,-15.6,,WIN,,,
BTC,SHORT,ensemble,TP2,112369.8,110576.0,112738.5,111699.4,110805.5,20.35,0.31,2.05,75.2,9.96,0.0,IDLE->OPEN->TP1_HIT->TRAILING->CLOSED,WIN,,,
BTC,SHORT,ensemble,TP1,112180.9,111351.0,112548.0,111513.5,110623.6,52.77,1.77,2.0,73.2,4.52,-15.6,,WIN,,,
BTC,SHORT,ensemble,TRAILING_STOP,112180.9,111203.0,112548.0,111513.5,110623.6,10.99,0.31,2.0,73.2,5.33,0.0,IDLE->OPEN->TP1_HIT->TRAILING->CLOSED,WIN,,,
BTC,SHORT,ensemble,SL,110726.6,111279.0,111250.2,109679.5,108181.6,-43.05,1.73,2.51,90.1,2.64,0.0,IDLE->OPEN->CLOSED,LOSS,,,
BTC,SHORT,ensemble,SL,110827.6,111632.0,111246.5,109989.6,108791.0,-82.29,1.98,2.88,87.5,5.53,0.0,IDLE->OPEN->CLOSED,LOSS,,,
BTC,SHORT,ensemble,TP1,110794.6,108515.0,111272.3,109839.2,108472.4,182.75,1.51,2.88,87.5,13.73,-15.6,,WIN,,,
BTC,SHORT,ensemble,TRAILING_STOP,110794.6,109214.0,111272.3,109839.2,108472.4,14.1,0.17,2.88,87.5,9.52,0.0,IDLE->OPEN->TP1_HIT->TRAILING->CLOSED,WIN,,,
BTC,SHORT,ensemble,SL,107804.1,108444.0,108427.0,106671.5,105161.5,-42.37,2.0,1.8,69.0,1.85,0.0,IDLE->OPEN->CLOSED,LOSS,,,
BTC,SHORT,ensemble,TP1,108300.8,106719.0,108786.9,107328.6,105937.8,113.52,1.33,2.88,87.5,9.36,-15.6,,WIN,,,
BTC,SHORT,ensemble,TP2,108300.8,105589.0,108786.9,107328.6,105937.8,48.61,0.33,2.88,87.5,16.05,0.0,IDLE->OPEN->TP1_HIT->TRAILING->CLOSED,WIN,,,
BTC,SHORT,ensemble,SL,105618.2,106821.0,106147.7,104655.4,103371.8,-66.78,1.48,2.0,72.7,4.54,0.0,IDLE->OPEN->CLOSED,LOSS,,,
BTC,SHORT,ensemble,SL,106342.8,107134.0,106941.0,105146.5,103435.0,-57.88,1.41,2.77,85.4,3.66,0.0,IDLE->OPEN->CLOSED,LOSS,,,
BTC,SHORT,ensemble,SL,106646.7,107171.0,106978.8,105982.4,105032.1,-67.95,2.41,2.88,87.5,4.54,0.0,IDLE->OPEN->CLOSED,LOSS,,,
BTC,SHORT,ensemble,SL,106348.8,107344.0,106538.8,106003.3,105542.7,-101.11,2.73,2.0,73.8,10.48,0.0,IDLE->OPEN->CLOSED,LOSS,,,
BTC,LONG,ensemble,TP1,112216.1,113386.0,111683.7,113184.1,114474.8,52.36,1.27,2.0,71.1,4.39,-15.6,,WIN,,,
BTC,LONG,ensemble,TRAILING_STOP,112216.1,112488.0,111683.7,113184.1,114474.8,2.14,0.22,2.0,71.1,1.02,0.0,IDLE->OPEN->TP1_HIT->TRAILING->CLOSED,WIN,,,
BTC,SHORT,ensemble,SL,107846.1,108771.0,108286.3,107045.5,105978.2,-70.48,2.07,2.0,71.5,4.2,0.0,IDLE->OPEN->CLOSED,LOSS,,,
BTC,SHORT,ensemble,SL,107734.1,108417.0,108202.9,106881.8,105745.5,-48.05,1.91,2.0,73.2,2.91,0.0,IDLE->OPEN->CLOSED,LOSS,,,
BTC,LONG,ensemble,TP1,109965.0,111257.0,109612.0,110606.7,111462.4,83.44,2.79,1.29,66.4,4.71,-15.6,,WIN,,,
BTC,LONG,ensemble,TRAILING_STOP,109965.0,110596.0,109612.0,110606.7,111462.4,4.52,0.31,1.29,66.4,2.3,0.0,IDLE->OPEN->TP1_HIT->TRAILING->CLOSED,WIN,,,
BTC,LONG,ensemble,TP1,110632.3,111469.0,110232.3,111359.6,112329.2,45.3,2.55,1.18,65.9,2.48,-15.6,,WIN,,,
BTC,LONG,ensemble,TRAILING_STOP,110632.3,110297.0,110232.3,111359.6,112329.2,-3.2,0.45,1.18,65.9,0.99,0.0,IDLE->OPEN->TP1_HIT->TRAILING->CLOSED,LOSS,,,
BTC,LONG,ensemble,TP1,114806.4,115635.0,114453.7,115447.5,116302.4,37.15,1.25,2.07,75.3,4.86,-15.6,,WIN,,,
BTC,LONG,ensemble,TRAILING_STOP,114806.4,115566.0,114453.7,115447.5,116302.4,6.01,0.22,2.07,75.3,4.45,0.0,IDLE->OPEN->TP1_HIT->TRAILING->CLOSED,WIN,,,
BTC,LONG,ensemble,SL,115599.8,114960.0,115278.2,116184.5,116964.1,-59.63,2.68,2.0,73.2,3.98,0.0,IDLE->OPEN->CLOSED,LOSS,,,
BTC,SHORT,ensemble,SL,110046.9,110639.0,110543.2,109144.8,107941.8,-32.16,1.5,2.0,71.1,2.39,0.0,IDLE->OPEN->CLOSED,LOSS,,,
BTC,SHORT,ensemble,SL,108562.7,110303.0,109150.9,107493.2,106067.2,-67.87,1.08,2.0,71.1,5.92,0.0,IDLE->OPEN->CLOSED,LOSS,,,
BTC,SHORT,ensemble,TP1,110117.9,108407.0,110635.4,109177.1,107922.7,80.87,2.16,1.18,65.9,3.91,-15.6,,WIN,,,
BTC,SHORT,ensemble,TP2,110117.9,107663.0,110635.4,109177.1,107922.7,12.88,0.24,1.18,65.9,5.62,0.0,IDLE->OPEN->TP1_HIT->TRAILING->CLOSED,WIN,,,
BTC,SHORT,ensemble,SL,106765.6,107517.0,107344.4,105607.9,103951.8,-43.97,1.26,2.51,90.1,3.25,0.0,IDLE->OPEN->CLOSED,LOSS,,,
BTC,SHORT,ensemble,SL,109395.3,110107.0,109868.3,108449.2,107095.9,-62.75,1.75,2.77,85.4,4.17,0.0,IDLE->OPEN->CLOSED,LOSS,,,
BTC,SHORT,ensemble,SL,109596.2,110141.0,110071.8,108645.0,107284.2,-47.31,1.73,2.77,85.4,3.17,0.0,IDLE->OPEN->CLOSED,LOSS,,,
BTC,SHORT,ensemble,SL,109245.4,109820.0,109718.5,108385.1,107238.0,-30.43,1.28,2.28,76.4,2.77,0.0,IDLE->OPEN->CLOSED,LOSS,,,
BTC,SHORT,ensemble,TP1,109595.2,109014.0,109878.7,109028.1,108217.0,43.15,1.62,2.51,90.1,5.14,-15.6,,WIN,,,
BTC,SHORT,ensemble,TP2,109595.2,107884.0,109878.7,109028.1,108217.0,31.81,0.4,2.51,90.1,15.12,0.0,IDLE->OPEN->TP1_HIT->TRAILING->CLOSED,WIN,,,
BTC,SHORT,ensemble,SL,105623.2,106656.0,106165.3,104538.8,102987.6,-41.01,0.85,2.51,90.1,4.77,0.0,IDLE->OPEN->CLOSED,LOSS,,,
BTC,SHORT,ensemble,TP1,106551.7,104174.0,107139.8,105375.5,103692.9,153.33,1.17,2.88,87.5,11.63,-15.6,,WIN,,,
BTC,SHORT,ensemble,TRAILING_STOP,106551.7,104556.0,107139.8,105375.5,103692.9,14.24,0.13,2.88,87.5,9.76,0.0,IDLE->OPEN->TP1_HIT->TRAILING->CLOSED,WIN,,,
BTC,SHORT,ensemble,TP1,102180.9,100506.0,102796.6,100949.5,99187.9,55.42,0.66,2.51,90.1,6.81,-15.6,,WIN,,,
BTC,SHORT,ensemble,TRAILING_STOP,102180.9,101244.0,102796.6,100949.5,99187.9,7.77,0.17,2.51,90.1,3.81,0.0,IDLE->OPEN->TP1_HIT->TRAILING->CLOSED,WIN,,,
BTC,SHORT,ensemble,SL,101353.3,102074.0,101971.1,100117.8,98350.3,-50.13,1.28,2.77,85.4,3.23,0.0,IDLE->OPEN->CLOSED,LOSS,,,
BTC,SHORT,ensemble,TP1,103086.4,102120.0,103479.6,102300.1,101175.2,73.47,1.55,2.51,90.1,6.16,-15.6,,WIN,,,
BTC,SHORT,ensemble,TP2,103086.4,100813.0,103479.6,102300.1,101175.2,43.22,0.38,2.51,90.1,14.48,0.0,IDLE->OPEN->TP1_HIT->TRAILING->CLOSED,WIN,,,
BTC,SHORT,ensemble,SL,100823.6,101427.0,101416.3,99638.1,97942.2,-42.08,1.41,2.51,90.1,2.55,0.0,IDLE->OPEN->CLOSED,LOSS,,,
BTC,SHORT,ensemble,TP1,101409.3,100401.0,101784.9,100658.1,99583.5,88.0,1.52,2.88,87.5,7.72,-15.6,,WIN,,,
BTC,SHORT,ensemble,TRAILING_STOP,101409.3,100280.0,101784.9,100658.1,99583.5,24.66,0.38,2.88,87.5,8.65,0.0,IDLE->OPEN->TP1_HIT->TRAILING->CLOSED,WIN,,,
BTC,SHORT,ensemble,SL,101692.1,101996.0,101939.5,101242.4,100642.7,-41.68,3.38,2.07,75.3,2.54,0.0,IDLE->OPEN->CLOSED,LOSS,,,
BTC,SHORT,ensemble,TP1,97730.1,96136.0,98432.2,96326.0,94317.3,65.93,0.79,2.51,90.1,5.69,-15.6,,WIN,,,
BTC,SHORT,ensemble,TRAILING_STOP,97730.1,96509.0,98432.2,96326.0,94317.3,12.6,0.2,2.51,90.1,4.36,0.0,IDLE->OPEN->TP1_HIT->TRAILING->CLOSED,WIN,,,
BTC,SHORT,ensemble,SL,95032.5,95791.0,95747.3,93602.7,91557.5,-38.61,0.85,2.88,87.5,3.05,0.0,IDLE->OPEN->CLOSED,LOSS,,,
BTC,SHORT,ensemble,SL,94586.7,95704.0,95322.1,93115.8,91011.7,-68.16,1.01,2.88,87.5,4.37,0.0,IDLE->OPEN->CLOSED,LOSS,,,
BTC,SHORT,ensemble,SL,95887.0,96395.0,96390.7,94879.8,93438.8,-44.29,1.46,2.88,87.5,2.9,0.0,IDLE->OPEN->CLOSED,LOSS,,,
BTC,SHORT,ensemble,TP1,96170.9,95277.0,96455.3,95602.1,94788.5,104.77,2.02,2.77,85.4,8.71,-15.6,,WIN,,,
BTC,SHORT,ensemble,TRAILING_STOP,96170.9,95617.0,96455.3,95602.1,94788.5,16.25,0.51,2.77,85.4,5.4,0.0,IDLE->OPEN->TP1_HIT->TRAILING->CLOSED,WIN,,,
BTC,SHORT,ensemble,TP1,95617.2,94589.0,95893.5,95064.5,94273.8,144.44,2.31,2.88,87.5,10.71,-15.6,,WIN,,,
BTC,SHORT,ensemble,TP2,95617.2,94242.0,95893.5,95064.5,94273.8,21.45,0.26,2.88,87.5,14.32,0.0,IDLE->OPEN->TP1_HIT->TRAILING->CLOSED,WIN,,,
BTC,SHORT,ensemble,TP1,95295.3,93966.0,95693.0,94500.0,93362.3,91.66,2.2,1.47,67.4,4.92,-15.6,,WIN,,,
BTC,SHORT,ensemble,TRAILING_STOP,95295.3,94816.0,95693.0,94500.0,93362.3,8.26,0.55,1.47,67.4,1.78,0.0,IDLE->OPEN->TP1_HIT->TRAILING->CLOSED,WIN,,,
BTC,SHORT,ensemble,SL,90867.5,91610.0,91521.2,89560.2,87689.9,-49.49,1.22,2.51,90.1,2.85,0.0,IDLE->OPEN->CLOSED,LOSS,,,
BTC,SHORT,ensemble,SL,91113.4,91874.0,91573.0,90277.8,89163.7,-45.72,1.36,2.03,75.2,3.36,0.0,IDLE->OPEN->CLOSED,LOSS,,,
BTC,SHORT,ensemble,SL,89894.0,90604.0,90400.9,88880.3,87430.0,-43.93,0.93,3.01,90.1,4.21,0.0,IDLE->OPEN->CLOSED,LOSS,,,
BTC,SHORT,ensemble,SL,87209.4,88094.0,87718.1,86284.3,85051.0,-51.59,1.28,2.0,72.9,3.48,0.0,IDLE->OPEN->CLOSED,LOSS,,,
BTC,SHORT,ensemble,TP1,85420.3,82210.0,86370.3,83520.2,81725.7,116.44,0.5,3.01,90.1,10.15,-15.6,,WIN,,,
BTC,SHORT,ensemble,TRAILING_STOP,85420.3,83250.0,86370.3,83520.2,81725.7,15.0,0.1,3.01,90.1,6.87,0.0,IDLE->OPEN->TP1_HIT->TRAILING->CLOSED,WIN,,,
BTC,SHORT,ensemble,SL,84455.8,85866.0,85445.6,82476.0,80606.2,-82.58,0.87,2.88,87.5,4.1,0.0,IDLE->OPEN->CLOSED,LOSS,,,
BTC,SHORT,ensemble,SL,86892.5,87778.0,87192.7,86346.8,85619.1,-123.42,3.06,2.0,73.5,5.9,0.0,IDLE->OPEN->CLOSED,LOSS,,,
BTC,SHORT,ensemble,TP1,87073.4,86314.0,87443.3,86400.9,85504.2,50.32,1.43,2.0,73.1,4.11,-15.6,,WIN,,,
BTC,SHORT,ensemble,TRAILING_STOP,87073.4,86210.0,87443.3,86400.9,85504.2,10.1,0.25,2.0,73.1,4.67,0.0,IDLE->OPEN->TP1_HIT->TRAILING->CLOSED,WIN,,,
BTC,SHORT,ensemble,SL,85347.3,85955.0,85804.1,84516.8,83409.4,-41.13,1.39,2.09,75.4,2.78,0.0,IDLE->OPEN->CLOSED,LOSS,,,
BTC,SHORT,ensemble,SL,84851.6,85473.0,85282.9,84067.2,83021.5,-35.18,1.21,2.0,73.4,2.88,0.0,IDLE->OPEN->CLOSED,LOSS,,,
BTC,SHORT,ensemble,SL,86354.8,86717.0,86679.3,85764.8,84978.2,-38.06,2.28,2.0,73.2,2.23,0.0,IDLE->OPEN->CLOSED,LOSS,,,
BTC,LONG,ensemble,SL,92839.4,92316.0,92318.7,93786.2,95048.5,-27.82,1.23,2.0,71.1,2.01,13.9,IDLE->OPEN->CLOSED,LOSS,,,
BTC,LONG,ensemble,SL,93934.9,93314.0,93464.5,94790.2,95930.6,-45.0,1.69,2.0,73.2,2.64,0.0,IDLE->OPEN->CLOSED,LOSS,,,
BTC,LONG,ensemble,SL,91926.9,91417.0,91548.2,92615.5,93533.7,-37.97,1.7,2.0,71.0,2.69,0.0,IDLE->OPEN->CLOSED,LOSS,,,
BTC,LONG,ensemble,SL,92190.1,89903.0,91684.7,93108.9,94334.1,-181.87,1.99,1.8,69.0,8.14,0.0,IDLE->OPEN->CLOSED,LOSS,,,
BTC,SHORT,ensemble,SL,88083.9,88438.0,88421.0,87409.8,86445.3,-39.31,1.96,2.51,90.1,2.63,0.0,IDLE->OPEN->CLOSED,LOSS,,,
BTC,SHORT,ensemble,TP1,89333.3,88006.0,89564.5,88912.9,88352.4,171.96,2.5,2.28,76.4,13.07,-0.0,,WIN,,,
BTC,SHORT,ensemble,TP2,89333.3,88006.0,89564.5,88912.9,88352.4,19.1,0.28,2.28,76.4,13.07,0.0,IDLE->OPEN->TP1_HIT->TRAILING->CLOSED,WIN,,,
BTC,SHORT,ensemble,SL,85772.1,86482.0,86208.1,84900.1,83652.7,-65.35,1.59,2.51,90.1,4.08,0.0,IDLE->OPEN->CLOSED,LOSS,,,
BTC,SHORT,ensemble,SL,87035.5,87728.0,87441.2,86297.7,85314.0,-51.7,2.07,1.58,67.9,2.7,0.0,IDLE->OPEN->CLOSED,LOSS,,,
BTC,SHORT,ensemble,SL,85750.1,86317.0,86305.7,84740.0,83393.1,-32.39,0.91,2.72,78.6,2.78,0.0,IDLE->OPEN->CLOSED,LOSS,,,
BTC,SHORT,ensemble,SL,86626.7,87244.0,87237.9,85404.2,83655.5,-35.35,1.34,1.87,69.3,1.88,0.0,IDLE->OPEN->CLOSED,LOSS,,,
BTC,LONG,ensemble,TP1,88912.4,89795.0,88654.3,89381.7,90007.5,70.06,1.78,2.0,71.1,6.84,-0.0,,WIN,,,
BTC,LONG,ensemble,TP2,88912.4,90175.0,88654.3,89381.7,90007.5,11.11,0.2,2.0,71.1,9.78,0.0,IDLE->OPEN->TP1_HIT->TRAILING->CLOSED,WIN,,,
BTC,SHORT,ensemble,SL,87109.4,87961.0,87405.3,86571.5,85854.4,-113.09,2.15,2.72,78.6,7.83,0.0,IDLE->OPEN->CLOSED,LOSS,,,
BTC,SHORT,ensemble,SL,87057.4,87413.0,87384.4,86462.9,85670.2,-43.57,2.59,2.07,75.3,2.25,0.0,IDLE->OPEN->CLOSED,LOSS,,,
BTC,SHORT,ensemble,SL,87050.5,87356.0,87284.1,86625.6,86059.1,-40.78,2.92,2.0,71.5,2.62,0.0,IDLE->OPEN->CLOSED,LOSS,,,
BTC,LONG,ensemble,SL,88673.3,88307.0,88405.9,89159.5,89807.7,-41.27,2.49,2.0,73.6,2.74,0.0,IDLE->OPEN->CLOSED,LOSS,,,
BTC,LONG,ensemble,SL,89029.5,88746.0,88888.2,89286.4,89628.9,-36.91,3.4,1.7,68.5,3.41,0.0,IDLE->OPEN->CLOSED,LOSS,,,
BTC,LONG,ensemble,TP1,90051.0,90527.0,89890.1,90343.5,90733.6,47.81,2.27,2.0,73.2,5.92,-0.0,,WIN,,,
BTC,LONG,ensemble,TP2,90051.0,91308.0,89890.1,90343.5,90733.6,22.27,0.4,2.0,73.2,15.62,0.0,IDLE->OPEN->TP1_HIT->TRAILING->CLOSED,WIN,,,
BTC,LONG,ensemble,SL,91346.7,91176.0,91188.9,91633.4,92015.8,-31.64,4.45,1.9,69.5,2.05,0.0,IDLE->OPEN->CLOSED,LOSS,,,
BTC,LONG,ensemble,SL,93100.5,92716.0,92831.3,93638.9,94409.1,-48.51,2.34,2.51,90.1,3.58,0.0,IDLE->OPEN->CLOSED,LOSS,,,
BTC,LONG,ensemble,SL,93606.8,92706.0,93397.4,94025.5,94624.6,-161.77,3.01,2.77,85.4,11.92,0.0,IDLE->OPEN->CLOSED,LOSS,,,
BTC,LONG,ensemble,SL,91685.8,91007.0,91368.2,92263.4,93033.5,-37.92,1.27,2.0,73.2,4.27,0.0,IDLE->OPEN->CLOSED,LOSS,,,
BTC,LONG,ensemble,TP1,91529.7,92171.0,91239.5,92057.5,92761.3,54.63,2.07,1.9,69.5,4.19,-0.0,,WIN,,,
BTC,LONG,ensemble,TP2,91529.7,93434.0,91239.5,92057.5,92761.3,28.66,0.37,1.9,69.5,12.45,0.0,IDLE->OPEN->TP1_HIT->TRAILING->CLOSED,WIN,,,
BTC,LONG,ensemble,SL,95766.9,95203.0,95364.4,96498.5,97474.1,-29.53,1.21,2.07,75.3,2.9,0.0,IDLE->OPEN->CLOSED,LOSS,,,
BTC,LONG,ensemble,TP1,96530.2,97283.0,96227.8,97135.1,98000.4,64.01,1.44,2.88,87.5,7.16,-0.0,,WIN,,,
BTC,LONG,ensemble,TRAILING_STOP,96530.2,96794.0,96227.8,97135.1,98000.4,5.61,0.36,2.88,87.5,2.51,0.0,IDLE->OPEN->TP1_HIT->TRAILING->CLOSED,WIN,,,
BTC,LONG,ensemble,SL,96902.4,96435.0,96508.2,97619.3,98575.1,-36.34,1.87,2.0,74.8,2.37,0.0,IDLE->OPEN->CLOSED,LOSS,,,
BTC,LONG,ensemble,SL,96677.3,96085.0,96337.1,97357.7,98331.1,-67.27,1.9,2.88,87.5,5.01,0.0,IDLE->OPEN->CLOSED,LOSS,,,
BTC,LONG,ensemble,SL,95859.9,95227.0,95481.1,96617.5,97701.3,-48.85,2.49,1.47,67.4,2.46,0.0,IDLE->OPEN->CLOSED,LOSS,,,
BTC,SHORT,ensemble,SL,92731.6,93010.0,92914.1,92399.8,91957.4,-36.52,5.15,1.18,65.9,1.81,0.0,IDLE->OPEN->CLOSED,LOSS,,,
BTC,SHORT,ensemble,SL,92450.8,92671.0,92612.2,92157.2,91765.8,-21.99,2.31,2.0,73.6,2.73,0.0,IDLE->OPEN->CLOSED,LOSS,,,
BTC,SHORT,ensemble,TP1,90432.8,89746.0,90717.6,89863.2,89048.4,58.64,1.39,2.75,85.0,6.63,-0.0,,WIN,,,
BTC,SHORT,ensemble,TP2,90432.8,88496.0,90717.6,89863.2,89048.4,41.33,0.34,2.75,85.0,18.7,0.0,IDLE->OPEN->TP1_HIT->TRAILING->CLOSED,WIN,,,
BTC,SHORT,ensemble,SL,89107.4,89762.0,89454.0,88414.2,87422.6,-68.53,1.63,2.88,87.5,5.43,0.0,IDLE->OPEN->CLOSED,LOSS,,,
BTC,SHORT,ensemble,SL,88384.8,90312.0,88831.1,87573.2,86491.2,-91.69,0.79,2.72,78.6,11.75,0.0,IDLE->OPEN->CLOSED,LOSS,,,
BTC,SHORT,ensemble,SL,89014.5,89513.0,89210.1,88658.9,88184.7,-69.44,2.29,2.72,78.6,6.94,0.0,IDLE->OPEN->CLOSED,LOSS,,,
BTC,SHORT,ensemble,SL,89156.4,89500.0,89452.0,88565.2,87719.4,-39.72,2.07,2.51,90.1,2.91,0.0,IDLE->OPEN->CLOSED,LOSS,,,
BTC,SHORT,ensemble,TP1,89505.2,88918.0,89745.7,89068.0,88485.1,57.01,2.27,1.9,69.5,4.63,-0.0,,WIN,,,
BTC,SHORT,ensemble,TRAILING_STOP,89505.2,89292.0,89745.7,89068.0,88485.1,3.65,0.4,1.9,69.5,1.68,0.0,IDLE->OPEN->TP1_HIT->TRAILING->CLOSED,WIN,,,
BTC,SHORT,ensemble,SL,87512.2,88365.0,87832.6,86871.4,85954.6,-64.73,1.17,2.88,87.5,7.66,0.0,IDLE->OPEN->CLOSED,LOSS,,,
BTC,SHORT,ensemble,TP1,86938.5,84911.0,87206.1,86403.3,85637.7,143.02,1.2,2.51,90.1,18.98,-0.0,,WIN,,,
BTC,SHORT,ensemble,TP2,86938.5,84911.0,87206.1,86403.3,85637.7,15.85,0.13,2.51,90.1,18.98,0.0,IDLE->OPEN->TP1_HIT->TRAILING->CLOSED,WIN,,,
BTC,SHORT,ensemble,SL,82384.8,83119.0,82989.5,81175.3,79445.0,-30.16,0.68,2.51,90.1,3.04,0.0,IDLE->OPEN->CLOSED,LOSS,,,
BTC,SHORT,ensemble,TP1,83992.0,82986.0,84480.5,83015.0,81617.4,62.38,0.89,2.88,87.5,5.93,-0.0,,WIN,,,
BTC,SHORT,ensemble,TP2,83992.0,81450.0,84480.5,83015.0,81617.4,39.35,0.22,2.88,87.5,14.97,0.0,IDLE->OPEN->TP1_HIT->TRAILING->CLOSED,WIN,,,
BTC,SHORT,ensemble,SL,78232.9,79007.0,78861.3,76975.9,75177.9,-47.87,0.85,2.88,87.5,3.54,0.0,IDLE->OPEN->CLOSED,LOSS,,,
BTC,SHORT,ensemble,TP1,78235.9,77546.0,78562.1,77642.7,76851.7,55.95,1.38,2.28,76.4,4.82,-0.0,,WIN,,,
BTC,SHORT,ensemble,TRAILING_STOP,78235.9,78001.0,78562.1,77642.7,76851.7,3.36,0.25,2.28,76.4,1.64,0.0,IDLE->OPEN->TP1_HIT->TRAILING->CLOSED,WIN,,,
BTC,SHORT,ensemble,TP1,77180.4,76248.0,77650.4,76325.9,75186.5,53.76,0.97,2.28,76.4,4.52,-0.0,,WIN,,,
BTC,SHORT,ensemble,TRAILING_STOP,77180.4,76490.0,77650.4,76325.9,75186.5,7.03,0.17,2.28,76.4,3.34,0.0,IDLE->OPEN->TP1_HIT->TRAILING->CLOSED,WIN,,,
BTC,SHORT,ensemble,SL,77889.0,78478.0,78295.5,77150.0,76164.7,-37.61,1.25,2.0,71.1,2.9,0.0,IDLE->OPEN->CLOSED,LOSS,,,
BTC,SHORT,ensemble,SL,78154.9,78550.0,78504.9,77518.5,76669.9,-33.88,1.68,2.0,74.2,2.26,0.0,IDLE->OPEN->CLOSED,LOSS,,,
BTC,SHORT,ensemble,TP1,74304.8,73618.0,74672.5,73636.3,72745.0,46.16,0.89,2.79,79.0,5.22,-0.0,,WIN,,,
BTC,SHORT,ensemble,TP2,74304.8,72547.0,74672.5,73636.3,72745.0,20.88,0.15,2.79,79.0,13.36,0.0,IDLE->OPEN->TP1_HIT->TRAILING->CLOSED,WIN,,,
BTC,SHORT,ensemble,TP1,72497.7,70715.0,73319.8,70853.6,69300.7,69.93,0.55,2.51,90.1,5.43,-0.0,,WIN,,,
BTC,SHORT,ensemble,TRAILING_STOP,72497.7,71552.0,73319.8,70853.6,69300.7,15.92,0.24,2.51,90.1,2.88,0.0,IDLE->OPEN->TP1_HIT->TRAILING->CLOSED,WIN,,,
BTC,SHORT,ensemble,TP1,69645.2,67465.0,70153.5,68720.9,67488.5,84.41,0.52,2.5,77.5,10.73,-0.0,,WIN,,,
BTC,SHORT,ensemble,TP2,69645.2,67465.0,70153.5,68720.9,67488.5,9.39,0.06,2.5,77.5,10.73,0.0,IDLE->OPEN->TP1_HIT->TRAILING->CLOSED,WIN,,,
BTC,SHORT,ensemble,TP1,65202.4,63216.0,66076.7,63612.6,62234.9,56.53,0.45,2.0,72.9,4.54,-0.0,,WIN,,,
BTC,SHORT,ensemble,TRAILING_STOP,65202.4,65667.0,66076.7,63612.6,62234.9,-4.41,0.16,2.0,72.9,1.06,0.0,IDLE->OPEN->TP1_HIT->TRAILING->CLOSED,LOSS,,,
BTC,SHORT,ensemble,SL,68420.8,69158.0,69135.5,67121.3,65995.2,-21.87,0.47,2.19,75.9,2.25,0.0,IDLE->OPEN->CLOSED,LOSS,,,
BTC,SHORT,ensemble,SL,68515.7,69241.0,68890.8,67833.9,66924.7,-53.34,1.14,2.24,76.2,4.32,0.0,IDLE->OPEN->CLOSED,LOSS,,,
BTC,SHORT,ensemble,TP1,69382.3,68505.0,69778.4,68662.1,67701.8,61.01,1.19,2.0,73.6,4.43,-0.0,,WIN,,,
BTC,SHORT,ensemble,TRAILING_STOP,69382.3,69269.0,69778.4,68662.1,67701.8,1.39,0.21,2.0,73.6,0.57,0.0,IDLE->OPEN->TP1_HIT->TRAILING->CLOSED,WIN,,,
BTC,SHORT,ensemble,SL,68586.7,69158.0,68988.6,67856.0,66881.7,-44.45,0.93,2.89,79.4,4.1,0.0,IDLE->OPEN->CLOSED,LOSS,,,
BTC,SHORT,ensemble,TP1,67515.2,66772.0,67880.5,66851.0,65965.5,37.73,0.62,2.72,78.6,5.54,-0.0,,WIN,,,
BTC,SHORT,ensemble,TRAILING_STOP,67515.2,67032.0,67880.5,66851.0,65965.5,4.34,0.11,2.72,78.6,3.6,0.0,IDLE->OPEN->TP1_HIT->TRAILING->CLOSED,WIN,,,
BTC,SHORT,ensemble,SL,66445.8,67244.0,66854.9,65701.9,64710.1,-32.17,0.66,2.07,75.3,4.03,0.0,IDLE->OPEN->CLOSED,LOSS,,,
BTC,SHORT,ensemble,SL,67059.5,67511.0,67443.1,66361.9,65431.9,-41.41,2.03,1.53,67.6,1.8,0.0,IDLE->OPEN->CLOSED,LOSS,,,
BTC,SHORT,ensemble,TP1,67077.4,65834.0,67380.6,66526.2,65791.2,77.12,1.02,2.0,73.2,8.2,-0.0,,WIN,,,
BTC,SHORT,ensemble,TP2,67077.4,65378.0,67380.6,66526.2,65791.2,11.69,0.11,2.0,73.2,11.21,0.0,IDLE->OPEN->TP1_HIT->TRAILING->CLOSED,WIN,,,
BTC,SHORT,ensemble,SL,65792.1,66270.0,66200.4,65049.7,64059.8,-45.95,1.59,2.0,70.5,2.34,0.0,IDLE->OPEN->CLOSED,LOSS,,,
BTC,SHORT,ensemble,SL,66106.9,66650.0,66458.1,65468.4,64617.0,-47.32,1.53,1.9,69.5,2.93,0.0,IDLE->OPEN->CLOSED,LOSS,,,
BTC,SHORT,ensemble,SL,68255.9,68838.0,68522.4,67771.2,67125.0,-74.74,1.76,2.51,77.5,5.48,0.0,IDLE->OPEN->CLOSED,LOSS,,,
BTC,SHORT,ensemble,TP1,68104.9,66839.0,68345.2,67668.1,67085.6,176.37,2.33,2.0,71.9,10.54,-0.0,,WIN,,,
BTC,SHORT,ensemble,TP2,68104.9,66839.0,68345.2,67668.1,67085.6,19.57,0.26,2.0,71.9,10.54,0.0,IDLE->OPEN->TP1_HIT->TRAILING->CLOSED,WIN,,,
BTC,SHORT,ensemble,BACKTEST_END,67480.2,67616.0,67815.0,66871.6,66060.1,-12.52,1.64,1.9,69.5,0.77,0.0,IDLE->OPEN->CLOSED,LOSS,,,
